smiles,label,source
C[N+](C)(C)CC(=O)[O-],0,ClinTox+DILI_TDC
CCN(CC)CC(=O)Nc1c(C)cccc1C,1,ClinTox+DILI_TDC
Cl.Nc1ccn([C@@H]2O[C@H](CO)[C@@H](O)C2(F)F)c(=O)n1,1,ClinTox
COc1ccc2c(C(=S)N(C)CC(=O)O)cccc2c1C(F)(F)F,1,DILI_TDC
C[NH+]1CCN(C2=[NH+]c3cc(Cl)ccc3Nc3ccccc32)CC1,0,ClinTox
C[NH+](C)CCCN1c2ccccc2Sc2ccc(Cl)cc21,0,ClinTox
Cc1cn(C2CC(N=[N+]=[N-])C(CO)O2)c(=O)[nH]c1=O,1,DILI_TDC
CC[C@H](C)[C@@H]1NC(=O)[C@H](Cc2ccc(O)cc2)NC(=O)[C@@H]([NH3+])CSSC[C@@H](C(=O)N2CCC[C@H]2C(=O)N[C@@H](CC(C)C)C(=O)NCC(N)=O)NC(=O)[C@H](CC(N)=O)NC(=O)[C@H](CCC(N)=O)NC1=O,0,ClinTox
COc1cc2c(Nc3ccc(Br)cc3F)ncnc2cc1OCC1CC[NH+](C)CC1,0,ClinTox
C1C[NH2+]CCN1,0,ClinTox
CC(C)(C)NC(=O)C1CCC2C3CCC4NC(=O)C=CC4(C)C3CCC12C,0,DILI_TDC
[Cl-].[Na+],0,DILI_TDC
CCCCCCCCCC(=O)OCCN1CC[NH+](CCCN2c3ccccc3Sc3ccc(C(F)(F)F)cc32)CC1,0,ClinTox
CC1(C)S[C@@H]2[C@H](NC(=O)COc3ccccc3)C(=O)N2[C@H]1C(=O)[O-],0,ClinTox
Cc1cccc(CN2CCN(C(c3ccccc3)c3ccc(Cl)cc3)CC2)c1,0,DILI_TDC
Cc1cn(-c2cc(NC(=O)c3ccc(C)c(Nc4nccc(-c5cccnc5)n4)c3)cc(C(F)(F)F)c2)cn1,1,ClinTox
[Cl-].[NH4+],0,DILI_TDC
CO[C@@]1(NC(=O)CSCC#N)C(=O)N2C(C(=O)[O-])=C(CSc3nnnn3C)CS[C@@H]21,0,ClinTox
CN/C(=N\C#N)NCCSCc1nc[nH]c1C,0,ClinTox
O=C([O-])c1cc(=O)c2c(OCC(O)COc3cccc4oc(C(=O)[O-])cc(=O)c34)cccc2o1,0,ClinTox
ClCC1CO1,0,ClinTox
C[NH+](C)CCC[C@@]1(c2ccc(F)cc2)OCc2cc(C#N)ccc21,0,ClinTox
CC(=O)OC(C)C[N+](C)(C)C,0,ClinTox
C[NH+](C)CCn1nnnc1SCC1=C(C(=O)[O-])N2C(=O)[C@@H](NC(=O)Cc3csc(N)n3)[C@H]2SC1,0,ClinTox
COc1ccc2cc([C@H](C)C(=O)OCCCCO[N+](=O)[O-])ccc2c1,1,ClinTox
C[C@]12CC[C@@H]3c4ccc(OC(=O)N(CCCl)CCCl)cc4CC[C@H]3[C@@H]1CC[C@@H]2OP(=O)([O-])[O-],0,ClinTox
O=P([O-])([O-])C(Sc1ccc(Cl)cc1)P(=O)([O-])[O-],0,ClinTox
NC(=O)CCC1NC(=O)C(Cc2ccccc2)NC(=O)C(Cc2ccc(O)cc2)NC(=O)C([NH3+])CSSCC(C(=O)N2CCCC2C(=O)NC(CCCC[NH3+])C(=O)NCC(N)=O)NC(=O)C(CC(N)=O)NC1=O,0,ClinTox
OC(O)C(Cl)(Cl)Cl,0,DILI_TDC
CCOC(=O)C1(c2ccccc2)CCN(CCc2ccc(N)cc2)CC1,0,DILI_TDC
C[C@H]([NH3+])C(=O)N[C@@H](C)C(=O)NC1[C@H]2CN(c3nc4c(cc3F)c(=O)c(C(=O)[O-])cn4-c3ccc(F)cc3F)C[C@@H]12,0,ClinTox
Cc1nccn1CC1CCc2c(c3ccccc3n2C)C1=O,0,ClinTox
NC1=NC(=O)C(c2ccccc2)O1,1,DILI_TDC
CCCC(C)(COC(N)=O)COC(=O)NC(C)C,0,ClinTox+DILI_TDC
CC(=O)Nc1c(I)c(NC(C)=O)c(I)c(C(=O)O)c1I,0,DILI_TDC
Nc1nc(Cl)nc2c1ncn2[C@@H]1O[C@H](CO)[C@@H](O)[C@@H]1F,1,ClinTox
COC(=O)c1ccccc1O,0,ClinTox
OCCOCCN1CCN(C(c2ccccc2)c2ccc(Cl)cc2)CC1,0,DILI_TDC
[NH3+]CCS,0,ClinTox
Cc1ccc(-c2cc(C(F)(F)F)nn2-c2ccc(S(N)(=O)=O)cc2)cc1,1,ClinTox+DILI_TDC
Cc1nc(Nc2ncc(C(=O)Nc3c(C)cccc3Cl)s2)cc(N2CCN(CCO)CC2)n1,1,ClinTox
Cc1onc(-c2ccccc2Cl)c1C(=O)N[C@@H]1C(=O)N2[C@@H]1SC(C)(C)[C@@H]2C(=O)[O-],0,ClinTox
CNCCC(Oc1cccc2ccccc12)c1cccs1,1,DILI_TDC
C[C@]12C=CC(=O)C=C1CC[C@@H]1[C@@H]2[C@@H](O)C[C@@]2(C)[C@H]1CC[C@]2(O)C(=O)CO,1,ClinTox
CC(C)(Oc1ccc(CCNC(=O)c2ccc(Cl)cc2)cc1)C(=O)O,0,DILI_TDC
CCOC(=O)[C@H](CCc1ccccc1)[NH2+][C@@H](C)C(=O)N1CCC[C@H]1C(=O)[O-],0,ClinTox
CCN(CC)CCS(=O)(=O)[C@@H]1CCN2C(=O)c3coc(n3)CC(=O)C[C@H](O)/C=C(C)/C=C/CNC(=O)/C=C/[C@@H](C)[C@@H](C(C)C)OC(=O)C12,0,ClinTox
C=C(CC)C(=O)c1ccc(OCC(=O)[O-])c(Cl)c1Cl,0,ClinTox
Cc1cc(OP(=O)([O-])[O-])c2ccccc2c1OP(=O)([O-])[O-],0,ClinTox
CN(CCOc1ccc(CC2SC(=O)[N-]C2=O)cc1)c1ccccn1,0,ClinTox
COc1ccccc1Oc1c(NS(=O)(=O)c2ccc(C(C)(C)C)cc2)nc(-c2ncccn2)nc1OCCO,1,DILI_TDC
CCOC1OC(=O)CC1NC(=O)C1CCCN2C(=O)CCC(NC(=O)c3nccc4ccccc34)C(=O)N12,1,DILI_TDC
Nc1nc(=O)c2c([nH]1)NCC(CNc1ccc(C(=O)N[C@@H](CCC(=O)[O-])C(=O)[O-])cc1)N2C=O,0,ClinTox
CC(CCc1ccc(O)cc1)NCCc1ccc(O)c(O)c1,0,DILI_TDC
C[NH+](C)CC[C@@H](c1ccc(Br)cc1)c1ccccn1,0,ClinTox
COc1ccc(C(=O)c2ccccc2)c(O)c1,0,ClinTox
CNC(=O)c1cc(Oc2ccc(NC(=O)Nc3ccc(Cl)c(C(F)(F)F)c3)cc2)ccn1,1,ClinTox
O=C1CC2(CCCC2)CC(=O)N1CCCC[NH+]1CCN(c2ncccn2)CC1,0,ClinTox
CC(=O)[C@H]1CC[C@H]2[C@@H]3C[C@H](C)C4=CC(=O)CC[C@]4(C)[C@H]3[C@@H](O)C[C@]12C,0,ClinTox
Clc1cccc(Cl)c1NC1=NCCN1,1,DILI_TDC
CC(C)CC([NH+](C)C)C1(c2ccc(Cl)cc2)CCC1,0,ClinTox
CC(C)/N=c1\cc2n(-c3ccc(Cl)cc3)c3ccccc3nc-2cc1Nc1ccc(Cl)cc1,0,ClinTox
CCOc1ccc(-c2cc(C)cn2-c2ccc(S(N)(=O)=O)cc2)cc1,1,ClinTox
FC(F)(F)C(F)(F)C(F)(F)C(F)(F)C(F)(F)C(F)(F)F,0,ClinTox
C=C(c1ccc(C(=O)O)cc1)c1cc2c(cc1C)C(C)(C)CCC2(C)C,1,DILI_TDC
CC(=O)OC12COC1CC(O)C1(C)C(=O)C(O)C3=C(C)C(OC(=O)C(O)C(NC(=O)OC(C)(C)C)c4ccccc4)CC(O)(C(OC(=O)c4ccccc4)C21)C3(C)C,1,DILI_TDC
CC(=O)Oc1ccccc1C(=O)O,1,ClinTox+DILI_TDC
C[NH+]1CCC[C@@H]1CCO[C@](C)(c1ccccc1)c1ccc(Cl)cc1,0,ClinTox
CC12CC3CC(C)(C1)CC([NH3+])(C3)C2,0,ClinTox
CC[C@@H](C)C(=O)O[C@H]1[C@H](O)[C@H]2[C@@H](C[NH+]3C[C@@H](C)CC[C@H]3[C@@]2(C)O)[C@@H]2C[C@]34O[C@]5(O)[C@@H](OC(=O)[C@@](C)(O)CC)CC[C@@]3(C)[C@@H]5[C@@H](OC(C)=O)[C@@H](OC(C)=O)[C@H]4[C@@]21O,0,ClinTox
C[NH+]1CCCC(CC2c3ccccc3Sc3ccccc32)C1,0,ClinTox
CCCCC(CC)COC(=O)C(C#N)=C(c1ccccc1)c1ccccc1,0,ClinTox
O=C1Nc2ccc(Cl)cc2[C@@](C#CC2CC2)(C(F)(F)F)O1,0,ClinTox
Cc1oncc1C(=O)Nc1ccc(C(F)(F)F)cc1,1,ClinTox+DILI_TDC
Cc1nc2n(c(=O)c1CC[NH+]1CCC(c3noc4cc(F)ccc34)CC1)CCCC2,0,ClinTox
CCC1OC(=O)C(C)C(OC2CC(C)(OC)C(O)C(C)O2)C(C)C(OC2OC(C)CC(N(C)C)C2O)C(C)(O)CC(C)CN(C)C(C)C(O)C1(C)O,0,DILI_TDC
CC(C)n1c(/C=C/[C@H](O)C[C@H](O)CC(=O)[O-])c(-c2ccc(F)cc2)c2ccccc21,0,ClinTox
C#C[C@]1(O)CC[C@H]2[C@@H]3CCC4=CC(=O)CC[C@@H]4[C@H]3CC[C@@]21C,0,ClinTox
CC(C)c1nc(CN(C)C(=O)N[C@H](C(=O)N[C@@H](Cc2ccccc2)C[C@H](O)[C@H](Cc2ccccc2)NC(=O)OCc2cncs2)C(C)C)cs1,0,ClinTox
O=C1CN(/N=C/c2ccc([N+](=O)[O-])o2)C(=O)N1,0,ClinTox
Nc1ccn([C@@H]2CS[C@H](CO)O2)c(=O)n1,0,ClinTox
CC[NH+](CC)Cc1cc(Nc2ccnc3cc(Cl)ccc23)ccc1O,0,ClinTox
COc1ccc(C2Sc3ccccc3N(CCN(C)C)C(=O)C2OC(C)=O)cc1,1,DILI_TDC
Nc1nc(=O)n(C2CSC(CO)O2)cc1F,1,DILI_TDC
COC(=O)N[C@H](C(=O)N[C@@H](Cc1ccccc1)[C@@H](O)CN(Cc1ccc(-c2ccccn2)cc1)NC(=O)[C@@H](NC(=O)OC)C(C)(C)C)C(C)(C)C,1,ClinTox
CC(C)(C)[NH2+]CC(O)COc1cccc2c1C[C@H](O)[C@H](O)C2,0,ClinTox
CC(O)(P(=O)([O-])[O-])P(=O)([O-])[O-],0,ClinTox
COc1ccc2cc(CCC(C)=O)ccc2c1,0,ClinTox
COCCO,0,ClinTox
CCN1C(=O)NC(c2ccccc2)C1=O,0,ClinTox
Cc1ccc(O)c([C@H](CC[NH+](C(C)C)C(C)C)c2ccccc2)c1,0,ClinTox
CCCCCCC(C)(C)c1cc(O)c2c(c1)OC(C)(C)[C@@H]1CCC(=O)C[C@@H]21,0,ClinTox
C[NH2+][C@@H]1[C@H](O)[C@H]([NH2+]C)[C@H]2O[C@@]3(O)C(=O)C[C@@H](C)O[C@H]3O[C@@H]2[C@H]1O,0,ClinTox
CO/N=C(\C(=O)N[C@@H]1C(=O)N2C(C(=O)[O-])=C(C[N+]3(C)CCCC3)CS[C@H]12)c1csc(N)n1,0,ClinTox
COc1cccc2c1C(=O)c1c([O-])c3c(c([O-])c1C2=O)C[C@@](O)(C(C)=O)C[C@@H]3O[C@H]1C[C@H]([NH3+])[C@H](O)[C@H](C)O1,0,ClinTox
CC(O)CN1CCN(CC(=O)[O-])CCN(CC(=O)[O-])CC[NH+](CC(=O)[O-])CC1,0,ClinTox
Clc1ccc2c(c1)C(N1CC[NH2+]CC1)=[NH+]c1ccccc1O2,0,ClinTox
O=C(NCC1CCCC[NH2+]1)c1cc(OCC(F)(F)F)ccc1OCC(F)(F)F,0,ClinTox
CC(=O)Oc1ccccc1C(=O)Nc1ncc([N+](=O)[O-])s1,0,ClinTox
Cc1ccc(Cl)c(Nc2ccccc2C(=O)O)c1Cl,1,DILI_TDC
C[C@@H](O[C@H]1OCC[NH+](Cc2n[nH]c(=O)[nH]2)[C@H]1c1ccc(F)cc1)c1cc(C(F)(F)F)cc(C(F)(F)F)c1,0,ClinTox
O=C([O-])C1N=C(c2ccccc2)c2cc(Cl)ccc2NC1=O,0,ClinTox
CCCC(CCC)C(=O)O[C@H]1C[C@H]2CC[C@@H](C1)[N+]2(C)C,0,ClinTox
C[C@H]([NH3+])[C@H](O)c1cccc(O)c1,0,ClinTox
Cc1[nH]c2ccccc2c1CCNCc1ccc(/C=C/C(=O)NO)cc1,1,ClinTox
C/C=C/C(=O)N(CC)c1ccccc1C,0,ClinTox
CN1CCCN=C1C=Cc1cccs1,0,DILI_TDC
CCCCNc1ccc(C(=O)OCCOCCOCCOCCOCCOCCOCCOCCOCCOC)cc1,0,ClinTox+DILI_TDC
O=C(NC(CO)C(O)c1ccc([N+](=O)[O-])cc1)C(Cl)Cl,0,DILI_TDC
OC(c1cc(C(F)(F)F)nc2c(C(F)(F)F)cccc12)C1CCCCN1,0,DILI_TDC
Cn1cncc1[C@@](N)(c1ccc(Cl)cc1)c1ccc2c(c1)c(-c1cccc(Cl)c1)cc(=O)n2C,1,ClinTox
NCC1OC(OC2C(CO)OC(OC3C(O)C(N)CC(N)C3OC3OC(CN)C(O)C(O)C3N)C2O)C(N)C(O)C1O,0,DILI_TDC
COc1cc(NS(C)(=O)=O)ccc1Nc1c2ccccc2nc2ccccc12,1,DILI_TDC
CCNC(NCC)=[NH+]CCCC[C@H](NC(=O)[C@H](CC(C)C)NC(=O)[C@@H](CCCC[NH+]=C(NCC)NCC)NC(=O)[C@H](Cc1ccc(O)cc1)NC(=O)[C@H](CO)NC(=O)[C@@H](Cc1cccnc1)NC(=O)[C@@H](Cc1ccc(Cl)cc1)NC(=O)[C@@H](Cc1ccc2ccccc2c1)NC(C)=O)C(=O)N1CCC[C@H]1C(=O)N[C@H](C)C(N)=O,0,ClinTox
CCC1=C[C@@H]2CN(C1)Cc1c([nH]c3ccccc13)[C@@](C(=O)OC)(c1cc3c(cc1OC)N(C)[C@H]1[C@@](O)(C(=O)OC)[C@H](OC(C)=O)[C@]4(CC)C=CCN5CC[C@]31[C@@H]54)C2,1,ClinTox
COc1cc2c3cc1Oc1cc(ccc1O)C[C@@H]1c4c(cc(OC)c(O)c4Oc4ccc(cc4)C[C@@H]3[NH+](C)CC2)CC[N+]1(C)C,0,ClinTox
O=c1[nH]cnc2c1ncn2[C@H]1CC[C@@H](CO)O1,0,ClinTox
Cc1c(C)c2c(c(C)c1O)CCC(C)(COc1ccc(CC3SC(=O)[N-]C3=O)cc1)O2,0,ClinTox
Cc1ccc2cc3c(ccc4ccccc43)c3c2c1CC3,1,DILI_TDC
CCCC(=O)O[C@]1(C(=O)COC(C)=O)CC[C@H]2[C@@H]3C[C@H](F)C4=CC(=O)C=C[C@]4(C)[C@@]3(F)[C@@H](O)C[C@@]21C,0,ClinTox
O=[Ti]=O,0,ClinTox
CNC(=O)CN(CCN(CC[NH+](CC(=O)[O-])CC(=O)NC)CC(=O)[O-])CC(=O)[O-],0,ClinTox
CC1(C)S[C@@H]2[C@H](/[NH+]=C/N3CCCCCC3)C(=O)N2[C@H]1C(=O)[O-],0,ClinTox
NC(=O)NC(=O)Cc1ccccc1,0,ClinTox
CC(C)[NH2+]C(C)Cc1ccc([123I])cc1,0,ClinTox
[NH3+][C@@H](Cc1ccc(O)cc1)C(=O)[O-],0,ClinTox
C[NH2+]C[C@H](O)c1ccc(O)c(O)c1,0,ClinTox
COC(=O)C(c1ccccc1)C1CCCC[NH2+]1,0,ClinTox
CC(COc1ccccc1)N(CCCl)Cc1ccccc1,0,DILI_TDC
CC(C)Cc1ccc(CC(=O)O)cc1,1,DILI_TDC
CC(C)(C)NCC(O)c1ccc(O)c(CO)c1,0,DILI_TDC
C#C[C@]1(OC(C)=O)CC[C@H]2[C@@H]3CCC4=CC(=O)CC[C@@H]4[C@H]3CC[C@@]21C,0,ClinTox
Clc1ccc2c(c1)C(c1ccccc1)=NCc1nncn1-2,0,ClinTox
Nc1nc(=S)c2[nH]cnc2[nH]1,1,ClinTox+DILI_TDC
CN(C)CCOC(c1ccccc1)c1ccccc1,0,DILI_TDC
O=C(Nc1ccc([N+](=O)[O-])cc1Cl)c1cc(Cl)ccc1O,0,ClinTox
C=C1c2cccc(O)c2C(O)=C2C(=O)C3(O)C(O)=C(C(N)=O)C(=O)C(N(C)C)C3C(O)C12,1,DILI_TDC
C[C@H]1O[C@@H](O[C@H]2[C@@H](O)C[C@H](O[C@H]3[C@@H](O)C[C@H](O[C@H]4CC[C@@]5(C)[C@H](CC[C@@H]6[C@@H]5C[C@@H](O)[C@]5(C)[C@@H](C7=CC(=O)OC7)CC[C@]65O)C4)O[C@@H]3C)O[C@@H]2C)C[C@H](O)[C@@H]1O,0,ClinTox
Nc1ncnc2c1ncn2[C@@H]1O[C@H](CO)[C@@H](O)[C@@H]1O,0,ClinTox
CN(N=O)C(=O)N[C@@H]1[C@@H](O)[C@H](O)[C@@H](CO)O[C@@H]1O,0,ClinTox
[NH3+]C[C@@H]1O[C@H](O[C@H]2[C@@H](O)[C@H](O[C@@H]3[C@@H](O)[C@H]([NH3+])C[C@H]([NH3+])[C@H]3O[C@H]3O[C@H](CO)[C@@H](O)[C@H](O)[C@H]3[NH3+])O[C@@H]2CO)[C@H]([NH3+])[C@@H](O)[C@@H]1O,0,ClinTox
CC[N+](C)(CC)CCOC(=O)C(O)(c1ccccc1)C1CCCCC1,0,ClinTox+DILI_TDC
C[C@@H](CN1CC(=O)NC(=O)C1)[NH+]1CC(=O)NC(=O)C1,0,ClinTox
Nc1cc[nH+]cc1,0,ClinTox
O=C([O-])C[C@H](O)C[C@H](O)/C=C/c1c(C2CC2)nc2ccccc2c1-c1ccc(F)cc1,0,ClinTox
Oc1ccc(CCCC[NH2+]C[C@H](O)c2ccc(O)c(O)c2)cc1,0,ClinTox
CO[C@H]1C(=O)[C@]2(C)[C@@H](OC)C[C@H]3OC[C@@]3(OC(C)=O)[C@H]2[C@H](OC(=O)c2ccccc2)[C@]2(O)C[C@H](OC(=O)[C@H](O)[C@@H](NC(=O)OC(C)(C)C)c3ccccc3)C(C)=C1C2(C)C,0,ClinTox
COC(=O)CCC(=O)C[NH3+],0,ClinTox
[NH3+][C@@H]1CCCCN(c2c(F)cc3c(=O)c(C(=O)[O-])cn(C4CC4)c3c2Cl)C1,0,ClinTox
CCCCCCCCCCCCOCCOCCOCCOCCOCCOCCOCCOCCOCCO,0,ClinTox
C[NH+](C)CCCN1c2ccccc2Sc2ccc(C(F)(F)F)cc21,0,ClinTox
CC(C)(C)[NH2+]C[C@H](O)COc1cccc2c1CCCC2=O,0,ClinTox
CC(=O)OCC1=C(C(=O)[O-])N2C(=O)[C@@H](NC(=O)[C@H]([NH3+])c3ccccc3)[C@H]2SC1,0,ClinTox
CS(=O)(=O)O.Cc1ccc(NC(=O)c2ccc(CN3CCN(C)CC3)cc2)cc1Nc1nccc(-c2cccnc2)n1,1,ClinTox
C[C@@H]1O[C@@H]1P(=O)([O-])[O-],0,ClinTox
COc1ccc2c(c1)N(C[C@H](C)C[NH+](C)C)c1ccccc1S2,0,ClinTox
CC1(C)O[C@@H]2C[C@H]3[C@@H]4CCC5=CC(=O)C=C[C@]5(C)[C@@]4(F)[C@@H](O)C[C@]3(C)[C@]2(C(=O)CO)O1,0,ClinTox
CCCC[NH+]1CCCCC1C(=O)Nc1c(C)cccc1C,0,ClinTox
CNNCc1ccc(C(=O)NC(C)C)cc1,0,ClinTox
Cc1cc(C(=O)NNCc2ccccc2)no1,1,ClinTox+DILI_TDC
O=C1CCO1,0,ClinTox
CC(C)Cc1ccc(C(C)C(=O)[O-])cc1,0,ClinTox
OC(CCN1CCCCC1)(c1ccccc1)C1CCCCC1,0,DILI_TDC
CC[C@@H](CO)NCC[NH2+][C@@H](CC)CO,0,ClinTox
COc1ccc(CC[NH+](C)CCCC(C#N)(c2ccc(OC)c(OC)c2)C(C)C)cc1OC,0,ClinTox
CCCCCCCCCCCCCCCC(=O)OCC(COP(=O)([O-])OCC[N+](C)(C)C)OC(=O)CCCCCCCCCCCCCCC,0,ClinTox
CCC1(c2ccccc2)C(=O)NCNC1=O,0,ClinTox+DILI_TDC
O=C([O-])COCC[NH+]1CCN([C@H](c2ccccc2)c2ccc(Cl)cc2)CC1,0,ClinTox
CC(C)(CO)[C@@H](O)C(=O)NCCC(=O)[O-],0,ClinTox
CCOC(=O)Nc1ccc(NCc2ccc(F)cc2)cc1N,0,ClinTox
CC(C)c1cccc(C(C)C)c1NC(=O)C[NH+](CC(=O)[O-])CC(=O)[O-],0,ClinTox
CC(=O)O[C@H]1C[C@@H]2CC[C@@H]3[C@H](CC[C@@]4(C)[C@H]3C[C@H]([N+]3(C)CCCCC3)[C@@H]4OC(C)=O)[C@@]2(C)C[C@@H]1[NH+]1CCCCC1,0,ClinTox
O1[As]2O[As]1O2,0,ClinTox
CC[NH+](CC)CCN1C(=O)CN=C(c2ccccc2F)c2cc(Cl)ccc21,0,ClinTox
C[NH+]1CCN(CCCN2c3ccccc3Sc3ccc(C(F)(F)F)cc32)CC1,0,ClinTox
COC(=O)C1=C(C)NC(C)=C(C(=O)OCC(C)C)C1c1ccccc1[N+](=O)[O-],0,ClinTox
CO[C@@H]1[C@@H](OC(N)=O)[C@@H](O)[C@H](Oc2ccc3c([O-])c(NC(=O)c4ccc(O)c(CC=C(C)C)c4)c(=O)oc3c2C)OC1(C)C,0,ClinTox
COc1c2occc2cc2ccc(=O)oc12,0,ClinTox
COCCCCC(=NOCCN)c1ccc(C(F)(F)F)cc1,0,DILI_TDC
C[NH+](C)CCC(O)(c1ccccc1)c1ccccc1Cl,0,ClinTox
Nc1ccn(C2CSC(CO)O2)c(=O)n1,1,DILI_TDC
C[C@]12CC[C@@H]3c4ccc(O)cc4C[C@@H](CCCCCCCCCS(=O)CCCC(F)(F)C(F)(F)F)[C@H]3[C@@H]1CC[C@@H]2O,0,ClinTox
CC(C)(CO)C(O)C(=O)NCCC(=O)O,0,DILI_TDC
c1ccc2c(c1)CCCC2C1=[NH+]CCN1,0,ClinTox
CC[C@@H](C(N)=O)N1CCCC1=O,0,ClinTox
CCCC[NH+]1C[C@H](O)[C@@H](O)[C@H](O)[C@H]1CO,0,ClinTox
CCCCCCCCCCCCCCCCCCCCCCO,0,ClinTox
CC(=O)[N-]S(=O)(=O)c1ccc(N)cc1,0,ClinTox
Cc1c(C)c2c(c(C)c1O)CC[C@@](C)(CCC[C@H](C)CCC[C@H](C)CCCC(C)C)O2,0,ClinTox
Nc1ccn(C2OC(CO)C(O)C2O)c(=O)n1,1,DILI_TDC
CCCCCOC(=O)Nc1nc(=O)n([C@@H]2O[C@H](C)[C@@H](O)[C@H]2O)cc1F,1,ClinTox
NS(=O)(=O)c1cc2c(cc1Cl)NC(CSCc1ccccc1)=NS2(=O)=O,0,ClinTox
CC(C)CN(CC(O)C(Cc1ccccc1)NC(=O)OC1COC2OCCC12)S(=O)(=O)c1ccc(N)cc1,1,DILI_TDC
COC(=O)Nc1nc2cc(C(=O)c3ccccc3)ccc2[nH]1,0,ClinTox
CCC(=O)N(c1ccccc1)C1(COC)CC[NH+](CCc2cccs2)CC1,0,ClinTox
O=C1c2cccc3c2[C@H](CCC3)CN1[C@@H]1C[NH+]2CCC1CC2,0,ClinTox
Nc1nc(=O)c2ncn(COCCO)c2[nH]1,0,ClinTox
CS(=O)(=O)Nc1ccc([N+](=O)[O-])cc1Oc1ccccc1,1,DILI_TDC
O=C([O-])c1cc(/N=N/c2ccc(O)c(C(=O)[O-])c2)ccc1O,0,ClinTox
C[C@@H](O)[C@H]1C(=O)N2C(C(=O)[O-])=C(S[C@@H]3C[NH2+][C@H](C(=O)Nc4cccc(C(=O)[O-])c4)C3)[C@H](C)[C@H]12,0,ClinTox
COc1cc2ncnc(Nc3ccc(F)c(Cl)c3)c2cc1OCCC[NH+]1CCOCC1,0,ClinTox
CC12CCC(=O)C=C1CCC1C3CCC(O)(C(=O)CO)C3(C)CC(O)C12F,0,DILI_TDC
O=c1nc[nH]c2c1ncn2C1CCC(CO)O1,1,DILI_TDC
CC(C)c1nc(N(C)S(C)(=O)=O)nc(-c2ccc(F)cc2)c1/C=C/[C@@H](O)C[C@@H](O)CC(=O)[O-],0,ClinTox
CC[NH+](CC)CCNC(=O)c1cc(Cl)c(N)cc1OC,0,ClinTox
CN(C)CCCC1c2ccccc2Nc2ccc(Cl)cc21,1,DILI_TDC
C=CCC1(C(C)C#CCC)C(=O)NC(=O)N(C)C1=O,0,ClinTox
Fc1ccc([C@@H]2CC[NH2+]C[C@H]2COc2ccc3c(c2)OCO3)cc1,0,ClinTox
CC(C)c1c(C(=O)Nc2ccccc2)c(-c2ccccc2)c(-c2ccc(F)cc2)n1CC[C@@H](O)C[C@@H](O)CC(=O)[O-],0,ClinTox
NC(=O)c1cnccn1,1,ClinTox+DILI_TDC
COc1ccc(C(C[NH+](C)C)C2(O)CCCCC2)cc1,0,ClinTox
C[NH2+][C@H](CC(C)C)C(=O)N[C@H]1C(=O)N[C@@H](CC(N)=O)C(=O)N[C@H]2C(=O)N[C@H]3C(=O)N[C@H](C(=O)N[C@H](C(=O)[O-])c4cc(O)cc(O)c4-c4cc3ccc4O)[C@H](O)c3ccc(c(Cl)c3)Oc3cc2cc(c3O[C@@H]2O[C@H](CO)[C@@H](O)[C@H](O)[C@H]2O[C@H]2C[C@](C)([NH3+])[C@H](O)[C@H](C)O2)Oc2ccc(cc2Cl)[C@H]1O,0,ClinTox
CC(C)C[C@H](NC(=O)[C@@H](Cc1c[nH]c2ccccc12)NC(=O)[C@H](Cc1ccc(O)cc1)NC(=O)[C@H](CO)NC(=O)[C@H](Cc1c[nH]c2ccccc12)NC(=O)[C@H](Cc1cnc[nH]1)NC(=O)[C@@H]1CCC(=O)N1)C(=O)N[C@@H](CCC[NH+]=C(N)N)C(=O)N1CCC[C@H]1C(=O)NCC(N)=O,0,ClinTox
CCCC1O[C@@H]2C[C@H]3[C@@H]4CCC5=CC(=O)C=C[C@]5(C)[C@H]4[C@@H](O)C[C@]3(C)[C@]2(C(=O)CO)O1,0,ClinTox
CC[N+](CC)(CC)CCOc1cccc(OCC[N+](CC)(CC)CC)c1OCC[N+](CC)(CC)CC,0,ClinTox
CCNC(=O)[C@@H]1CCCN1C(=O)[C@H](CCCNC(N)=[NH2+])NC(=O)[C@H](CC(C)C)NC(=O)[C@@H](CC(C)C)NC(=O)[C@H](Cc1ccc(O)cc1)NC(=O)[C@H](CO)NC(=O)[C@H](Cc1c[nH]c2ccccc12)NC(=O)[C@H](Cc1cnc[nH]1)NC(=O)[C@@H]1CCC(=O)N1,0,ClinTox
CC(C)(Oc1ccc(C(=O)c2ccc(Cl)cc2)cc1)C(=O)NCCS(=O)(=O)[O-],0,ClinTox
Fc1ccccc1C1=NCC(=S)N(CC(F)(F)F)c2ccc(Cl)cc21,0,ClinTox
CC[NH+](CC)C(C)C(=O)c1ccccc1,0,ClinTox
COc1ccc(OC)c(C(O)C(C)N)c1,0,DILI_TDC
CO/N=C1\CN(c2nc3c(cc2F)c(=O)c(C(=O)[O-])cn3C2CC2)CC1C[NH3+],0,ClinTox
CC(=O)N(CC(O)CO)c1c(I)c(C(=O)NCC(O)CO)c(I)c(C(=O)NCC(O)CO)c1I,0,ClinTox
Cc1cccc(C[NH+]2CCN(C(c3ccccc3)c3ccc(Cl)cc3)CC2)c1,0,ClinTox
CO[C@H]1C[C@@H]2CC[C@@H](C)[C@@](O)(O2)C(=O)C(=O)N2CCCC[C@H]2C(=O)O[C@H]([C@H](C)C[C@@H]2CC[C@@H](OCCO)[C@H](OC)C2)CC(=O)[C@H](C)/C=C(\C)[C@@H](O)[C@@H](OC)C(=O)[C@H](C)C[C@H](C)/C=C/C=C/C=C/1C,1,ClinTox
COc1ccc(O)cc1,0,ClinTox
CC(C)[C@@]1(C(=O)N[C@H]2CC(=O)O[C@]2(O)CF)CC(c2nccc3ccccc23)=NO1,1,ClinTox
CCCNCC(O)COc1ccccc1C(=O)CCc1ccccc1,0,DILI_TDC
FCOC(C(F)(F)F)C(F)(F)F,0,ClinTox
O=C([O-])CNC(=O)c1ccccc1,0,ClinTox
CC1(C)S[C@@H]2[C@H](NC(=O)C(C(=O)[O-])c3ccccc3)C(=O)N2[C@H]1C(=O)[O-],0,ClinTox
C[NH+](CCCl)CCCl,0,ClinTox
OC[C@H]1O[C@@H](O[C@@H]2[C@@H](CO)O[C@](O)(CO)[C@H]2O)[C@H](O)[C@@H](O)[C@H]1O,0,ClinTox
CC[C@H](C)[C@H]1O[C@]2(CC[C@@H]1C)C[C@@H]1C[C@@H](C/C=C(\C)[C@@H](O[C@H]3C[C@H](OC)[C@@H](O[C@H]4C[C@H](OC)[C@@H](O)[C@H](C)O4)[C@H](C)O3)[C@@H](C)/C=C/C=C3\CO[C@@H]4[C@H](O)C(C)=C[C@@H](C(=O)O1)[C@]34O)O2,0,ClinTox
[NH3+][C@@H](CC(=O)N1CCn2c(nnc2C(F)(F)F)C1)Cc1cc(F)c(F)cc1F,0,ClinTox
CC(C)(C(=O)c1cccnc1)c1cccnc1,0,ClinTox+DILI_TDC
NC(=O)CC[C@H]([NH3+])C(=O)[O-],0,ClinTox
O=C(O[C@H]1C[NH+]2CCC1CC2)N1CCc2ccccc2[C@@H]1c1ccccc1,0,ClinTox
CCOC(=O)[C@H](CCc1ccccc1)[NH2+][C@@H](C)C(=O)N1CC2(C[C@H]1C(=O)[O-])SCCS2,0,ClinTox
CCCCCCOC(=O)CCC(=O)C[NH3+],0,ClinTox
CCOC(=O)C1(c2ccccc2)CCN(CCC(C#N)(c2ccccc2)c2ccccc2)CC1,0,DILI_TDC
CCC(C)(C)C1C(=O)N2CCCC2C2(O)OC(NC(=O)C3CC4c5cccc6[nH]cc(c56)CC4[NH+](C)C3)(C(C)C)C(=O)N12,0,ClinTox
CCCCS(=O)(=O)N[C@@H](Cc1ccc(OCCCCC2CC[NH2+]CC2)cc1)C(=O)[O-],0,ClinTox
C#CCN(C)C(C)Cc1ccccc1,0,DILI_TDC
C[NH+](C)CCc1c[nH]c2ccc(Cn3cncn3)cc12,0,ClinTox
NC(CO)(CO)CO,0,DILI_TDC
O=C([O-])[C@@H](O)[C@@H](O)[C@H](O)[C@@H](O)C(=O)[O-],0,ClinTox
CCCCCOc1ccc(-c2ccc(-c3ccc(C(=O)N[C@H]4C[C@@H](O)[C@@H](O)NC(=O)[C@@H]5[C@@H](O)[C@@H](C)CN5C(=O)[C@H]([C@@H](C)O)NC(=O)[C@H]([C@H](O)[C@@H](O)c5ccc(O)cc5)NC(=O)[C@@H]5C[C@@H](O)CN5C(=O)[C@H]([C@@H](C)O)NC4=O)cc3)cc2)cc1,0,ClinTox
NS(=O)(=O)c1ccc(C[NH3+])cc1,0,ClinTox
O=C1OCCN1N=Cc1ccc([N+](=O)[O-])o1,1,DILI_TDC
CC[C@]1(O)C[C@H]2CN(CCc3c([nH]c4ccccc34)[C@@](C(=O)OC)(c3cc4c(cc3OC)N(C=O)[C@H]3[C@@](O)(C(=O)OC)[C@H](OC(C)=O)[C@]5(CC)C=CCN6CC[C@]43[C@@H]65)C2)C1.O=S(=O)(O)O,1,ClinTox
CCCCCCCCCCCCCC(=O)OC[C@H](COP(=O)([O-])OCC[N+](C)(C)C)OC(=O)CCCCCCCCCCCCC,0,ClinTox
O=C([O-])[O-],0,ClinTox
CCCS(=O)(=O)Nc1ccc(F)c(C(=O)c2c[nH]c3ncc(-c4ccc(Cl)cc4)cc23)c1F,1,ClinTox
CC(C)OC(=O)C(C)(C)Oc1ccc(C(=O)c2ccc(Cl)cc2)cc1,1,ClinTox+DILI_TDC
NC(N)=[NH+]Cc1cccc([131I])c1,0,ClinTox
C[NH2+]CCCC1c2ccccc2C=Cc2ccccc21,0,ClinTox
CC(C)[NH+](CCC(C(N)=O)(c1ccccc1)c1ccccn1)C(C)C,0,ClinTox
C[C@]12Cc3cn[nH]c3C[C@@H]1CC[C@@H]1[C@@H]2CC[C@@]2(C)[C@H]1CC[C@]2(C)O,0,ClinTox
C/C(=N\O)[C@@H](C)[NH2+]CC(C)(C)C[NH2+][C@H](C)/C(C)=N/O,0,ClinTox
C[N+]1(C)CCCC(OC(=O)C(O)(c2ccccc2)c2ccccc2)C1,0,ClinTox
Cc1c(OCC(F)(F)F)ccnc1CS(=O)c1nc2ccccc2[nH]1,0,ClinTox
Nc1nc2ccc(OC(F)(F)F)cc2s1,1,ClinTox+DILI_TDC
FC(F)OC(Cl)C(F)(F)F,0,ClinTox
CC1[NH2+]CCOC1c1ccccc1,0,ClinTox
COc1ncnc([N-]S(=O)(=O)c2ccc(N)cc2)c1OC,0,ClinTox
CCCCOc1cc(C(=O)NCC[NH+](CC)CC)c2ccccc2n1,0,ClinTox
CCCN(CCC)S(=O)(=O)c1ccc(C(=O)[O-])cc1,0,ClinTox
CC1=C(CC(=O)O)c2cc(F)ccc2C1=Cc1ccc(S(C)=O)cc1,1,DILI_TDC
Cc1nc2c([nH]1)CCN(C(=O)c1ccc(NC(=O)c3ccccc3-c3ccccc3)cc1)c1ccccc1-2,0,ClinTox
Nc1ncn([C@@H]2O[C@H](CO)[C@@H](O)[C@H]2O)c(=O)n1,0,ClinTox
O=C1N(Cc2ccccc2)C2C[S+]3CCCC3C2N1Cc1ccccc1,0,ClinTox
C#CC1(OC(N)=O)CCCCC1,0,ClinTox
O=S([O-])CNc1ccc(S(=O)(=O)c2ccc(NCS(=O)[O-])cc2)cc1,0,ClinTox
CC(C)[NH2+]C[C@H](O)COc1ccc(CCOCC2CC2)cc1,0,ClinTox
CCC(C)C(C)(COC(N)=O)COC(N)=O,0,ClinTox
CNC(C)C1CCC(N)C(OC2C(N)CC(N)C(OC3OCC(C)(O)C(NC)C3O)C2O)O1,0,DILI_TDC
CC(C(=O)O)c1ccc2oc(-c3ccc(Cl)cc3)nc2c1,1,DILI_TDC
CCc1ccc(CCOc2ccc(CC3SC(=O)[N-]C3=O)cc2)nc1,0,ClinTox
CCN(CC)C(=O)C1C[NH+]2CCc3cc(OC)c(OC)cc3C2CC1OC(C)=O,0,ClinTox
CC(=O)Oc1c(C)c(C)c2c(c1C)CC[C@@](C)(CCC[C@H](C)CCC[C@H](C)CCCC(C)C)O2,0,ClinTox
CCCCC[C@H](O)/C=C/[C@H]1[C@H](O)CC(=O)[C@@H]1C/C=C\CCCC(=O)[O-],0,ClinTox
Cc1cc(C#N)cc(C)c1Oc1nc(Nc2ccc(C#N)cc2)nc(N)c1Br,0,ClinTox
CCC(c1ccccc1)c1c([O-])c2ccccc2oc1=O,0,ClinTox
Nc1nc(=O)c2nc(CNc3ccc(C(=O)N[C@@H](CCC(=O)[O-])C(=O)[O-])cc3)cnc2[nH]1,0,ClinTox
Nc1c2c(nc3ccccc13)CCCC2,0,DILI_TDC
COc1cc(Cc2cnc(N)nc2N)cc(OC)c1OC,1,ClinTox+DILI_TDC
CC1=C(/C=C/C(C)=C/C=C/C(C)=C/C(=O)[O-])C(C)(C)CCC1,0,ClinTox
C[C@H]1O[C@H](O[C@H]2[C@H](O)[C@@H](O)[C@@H](O[C@H]3[C@H](O)[C@@H](O)[C@H](O)O[C@@H]3CO)O[C@@H]2CO)[C@H](O)[C@@H](O)[C@@H]1[NH2+][C@H]1C=C(CO)[C@H](O)[C@H](O)[C@H]1O,0,ClinTox
Cc1cc(/C=C/c2ccc3cc(N(C)C)ccc3[n+]2C)c(C)n1-c1ccccc1,0,ClinTox
CC(Cc1ccccc1)N(C)Cc1ccccc1,0,DILI_TDC
NS(=O)(=O)c1cc2c(cc1C(F)(F)F)NC(Cc1ccccc1)NS2(=O)=O,0,ClinTox
O=C1O[Pt]OC(=O)C12CCC2,0,ClinTox
CC(=CCC1=C(C)C(=O)c2ccccc2C1=O)CCCC(C)CCCC(C)CCCC(C)C,0,DILI_TDC
O=C1CN=C(c2ccccc2Cl)c2cc([N+](=O)[O-])ccc2N1,0,ClinTox
Cc1cccc(C)c1NC(=O)C(C)[NH3+],0,ClinTox
CN1c2c(oc(=O)n(-c3ccccn3)c2=O)-c2ccccc2S1(=O)=O,1,DILI_TDC
O=C(c1ccccc1)c1ccc2n1CCC2C(=O)O,1,DILI_TDC
CCCNC(=O)NS(=O)(=O)c1ccc(Cl)cc1,1,DILI_TDC
C=C1CCC(O)CC1=CC=C1CCCC2(C)C1CCC2C(C)C=CC(C)C(C)C,0,DILI_TDC
C=C1N(CCCCCC(=O)O)c2ccccc2C1(C)C,1,ClinTox
C/C=C1\NC(=O)[C@H]2CSSCC/C=C/[C@H](CC(=O)N[C@H](C(C)C)C(=O)N2)OC(=O)[C@H](C(C)C)NC1=O,0,ClinTox
CC(C)C[C@@H](NC(=O)[C@H](C)NC(=O)CNC(=O)[C@@H](NC=O)C(C)C)C(=O)N[C@@H](C)C(=O)N[C@@H](C(=O)N[C@H](C(=O)N[C@H](C(=O)N[C@@H](Cc1c[nH]c2ccccc12)C(=O)N[C@H](CC(C)C)C(=O)N[C@@H](Cc1c[nH]c2ccccc12)C(=O)N[C@H](CC(C)C)C(=O)N[C@@H](Cc1c[nH]c2ccccc12)C(=O)N[C@H](CC(C)C)C(=O)N[C@@H](Cc1c[nH]c2ccccc12)C(=O)NCCO)C(C)C)C(C)C)C(C)C,0,ClinTox
COc1ccc(OC)c(C(O)C(C)[NH3+])c1,0,ClinTox
C[C@H]1O[C@@H](O[C@H]2[C@@H](O)C[C@H](O[C@H]3[C@@H](O)C[C@H](O[C@H]4CC[C@@]5(C)[C@H](CC[C@@H]6[C@@H]5CC[C@]5(C)[C@@H](C7=CC(=O)OC7)CC[C@]65O)C4)O[C@@H]3C)O[C@@H]2C)C[C@H](O)[C@@H]1O,0,ClinTox
CC(O)CN1CCN(CC(=O)[O-])CCN(CC(=O)[O-])CCN(CC(=O)[O-])CC1.[Gd+3],0,DILI_TDC
OCc1cc(C(O)C[NH2+]CCCCCCOCCCCc2ccccc2)ccc1O,0,ClinTox
[NH3+][C@H](Cc1cc(I)c(Oc2cc(I)c([O-])c(I)c2)c(I)c1)C(=O)[O-],0,ClinTox
CCC1(O)C(=O)OCc2c1cc1n(c2=O)Cc2cc3c(CN(C)C)c(O)ccc3nc2-1,0,DILI_TDC
C[C@]1(O)CC[C@H]2[C@@H]3CCC4=CC(=O)CC[C@]4(C)[C@@]3(F)[C@@H](O)C[C@@]21C,0,ClinTox
COc1ccc(CN(CC[NH+](C)C)c2ccccn2)cc1,0,ClinTox
C[C@@H]([NH3+])[C@@H](O)c1ccccc1,0,ClinTox
[NH3+][C@@H](Cc1cc(I)c(Oc2cc(I)c([O-])c(I)c2)c(I)c1)C(=O)[O-],0,ClinTox
CN1C2CC(OC(=O)C(CO)c3ccccc3)CC1C1OC12,0,DILI_TDC
CCC[NH2+]CC(O)COc1ccccc1C(=O)CCc1ccccc1,0,ClinTox
C[NH2+][C@@H]1[C@H](O[C@H]2[C@H](O[C@H]3[C@H](O)[C@@H](O)[C@H](NC(N)=[NH2+])[C@@H](O)[C@@H]3NC(N)=[NH2+])O[C@@H](C)[C@]2(O)C=O)O[C@@H](CO)[C@H](O)[C@H]1O,0,ClinTox
C[NH2+]C[C@H](O)c1cccc(O)c1,0,ClinTox
CC1=C(C/C=C(\C)CCC[C@H](C)CCC[C@H](C)CCCC(C)C)C(=O)c2ccccc2C1=O,0,ClinTox
Nc1ccc(C(=O)[O-])c(O)c1,0,ClinTox
CCC1NC(=O)c2cc(S(N)(=O)=O)c(Cl)cc2N1,0,ClinTox
CCCCCCCCC[NH+]1C[C@H](O)[C@@H](O)[C@H](O)[C@H]1CO,0,ClinTox
[O-][Cl+3]([O-])([O-])O,0,ClinTox
CCc1c2c(nc3ccc(OC(=O)N4CCC([NH+]5CCCCC5)CC4)cc13)-c1cc3c(c(=O)n1C2)COC(=O)[C@]3(O)CC,0,ClinTox
Nc1ccc(S(=O)(=O)Nc2nccs2)cc1,1,DILI_TDC
Clc1ccccc1C[NH+]1CCc2sccc2C1,0,ClinTox
CO[C@H](C(=O)[C@@H](O)[C@@H](C)O)[C@@H]1Cc2cc3cc(O[C@H]4C[C@@H](O[C@H]5C[C@@H](O)[C@H](O)[C@@H](C)O5)[C@H](O)[C@@H](C)O4)c(C)c(O)c3c([O-])c2C(=O)[C@H]1O[C@H]1C[C@@H](O[C@H]2C[C@@H](O[C@H]3C[C@](C)(O)[C@H](O)[C@@H](C)O3)[C@@H](O)[C@@H](C)O2)[C@H](O)[C@@H](C)O1,0,ClinTox
Cc1cccc(C)c1OCC(=O)N[C@@H](Cc1ccccc1)[C@@H](O)C[C@H](Cc1ccccc1)NC(=O)[C@H](C(C)C)N1CCCNC1=O,0,ClinTox
CC1(C)SC2C(NC(=O)Cc3ccccc3)C(=O)N2C1C(=O)O,0,DILI_TDC
FC(F)(F)C(F)(F)C(F)(F)C(F)(F)C(F)(F)C(F)(F)C(F)(F)C(F)(F)Br,0,ClinTox
CCCCCCCCCCCCCCCC(=O)O[C@@H]1[C@@H](O)[C@@H](O)[C@@H](C(NC(=O)[C@@H]2C[C@@H](CCC)C[NH+]2C)C(C)Cl)O[C@@H]1SC,0,ClinTox
CO/N=C(\C(=O)N[C@@H]1C(=O)N2C(C(=O)OC(C)OC(C)=O)=C(COC(N)=O)CS[C@H]12)c1ccco1,0,ClinTox
CC#C[C@]1(O)CC[C@H]2[C@@H]3CCC4=CC(=O)CCC4=C3[C@@H](c3ccc(N(C)C)cc3)C[C@@]21C,0,ClinTox
CCc1ccc(CCOc2ccc(CC3SC(=O)NC3=O)cc2)nc1,1,ClinTox
C[N+]12CCC(CC1)C(OC(=O)C(O)(c1ccccc1)c1ccccc1)C2,0,ClinTox
CCN(CC)Cc1cc(Nc2ccnc3cc(Cl)ccc23)ccc1O,1,DILI_TDC
CC(C)[NH2+]CC(O)c1cc(O)cc(O)c1,0,ClinTox
CCCCN1C(=O)[C@@H]([C@H](O)C2CCCCC2)NC(=O)C12CCN(Cc1ccc(Oc3ccc(C(=O)O)cc3)cc1)CC2,1,ClinTox
Oc1c(Cl)cc(Cl)c(Cl)c1Cc1c(O)c(Cl)cc(Cl)c1Cl,0,ClinTox
COc1cc2nc(N3CCN(C(=O)C4COc5ccccc5O4)CC3)nc(N)c2cc1OC,0,ClinTox
Cl[C@H]1[C@H](Cl)[C@@H](Cl)[C@@H](Cl)[C@H](Cl)[C@H]1Cl,0,ClinTox
c1cc(C[NH+]2CCCNCC[NH2+]CCCNCC2)ccc1C[NH+]1CCCNCC[NH2+]CCCNCC1,0,ClinTox
Cc1ccc(C(=O)c2cc(O)c(O)c([N+](=O)[O-])c2)cc1,1,DILI_TDC
C[C@]12CCC(=O)C=C1CC[C@@H]1[C@@H]2[C@@H](O)C[C@@]2(C)[C@H]1CC[C@]2(O)C(=O)COC(=O)CCC1CCCC1,0,ClinTox
CCC(=O)N(c1ccccc1)C1CCN(CCc2ccccc2)CC1,0,DILI_TDC
CC(C)OC(=O)CCC/C=C\C[C@@H]1[C@@H](CC[C@@H](O)CCc2ccccc2)[C@H](O)C[C@@H]1O,0,ClinTox
CCC1(O)CC2CN(CCc3c([nH]c4ccccc34)C(C(=O)OC)(c3cc4c(cc3OC)N(C)C3C(O)(C(=O)OC)C(OC(C)=O)C5(CC)C=CCN6CCC43C65)C2)C1,0,DILI_TDC
CN(C)C(=O)Oc1cc(OC(=O)N(C)C)cc(C(O)CNC(C)(C)C)c1,0,DILI_TDC
C[C@@H]1C[C@H]2[C@@H]3C[C@H](F)C4=CC(=O)C=C[C@]4(C)[C@@]3(F)[C@@H](O)C[C@]2(C)[C@@]1(O)C(=O)COC(=O)C(C)(C)C,0,ClinTox
CCc1c(C)[nH]c2c1C(=O)C(C[NH+]1CCOCC1)CC2,0,ClinTox
CCCOc1cc(N)ccc1C(=O)OCC[NH+](CC)CC,0,ClinTox
COc1ccc2nc(S(=O)Cc3ncc(C)c(OC)c3C)[nH]c2c1,0,ClinTox
[NH3+]C12CC3CC(CC(C3)C1)C2,0,ClinTox
FC(F)OC(F)C(F)(F)F,0,ClinTox
CCC[C@H]([NH2+][C@@H](C)C(=O)N1[C@H](C(=O)[O-])C[C@@H]2CCCC[C@@H]21)C(=O)OCC,0,ClinTox
C[C@@H]1C[C@H]2[C@@H]3CCC4=CC(=O)C=C[C@]4(C)[C@@]3(Cl)[C@@H](O)C[C@]2(C)[C@@]1(OC(=O)c1ccco1)C(=O)CCl,0,ClinTox
C=C1CC[C@H](O)C/C1=C/C=C1\CCC[C@]2(C)[C@@H]([C@H](C)/C=C/[C@H](C)C(C)C)CC[C@@H]12,0,ClinTox
CC12C=CC(=O)C=C1CCC1C2C(=O)CC2(C)C1CCC2(O)C(=O)CO,0,DILI_TDC
C[C@]1(Cn2ccnn2)[C@H](C(=O)[O-])N2C(=O)C[C@H]2S1(=O)=O,0,ClinTox
O=C1Cc2cc(CC[NH+]3CCN(c4nsc5ccccc45)CC3)c(Cl)cc2N1,0,ClinTox
CC(=O)N[C@H](Cc1ccc2ccccc2c1)C(=O)N[C@H](Cc1ccc(Cl)cc1)C(=O)N[C@H](Cc1cccnc1)C(=O)N[C@@H](CO)C(=O)N[C@@H](Cc1ccc(O)cc1)C(=O)N[C@H](CCCNC(N)=O)C(=O)N[C@@H](CC(C)C)C(=O)N[C@@H](CCCNC(N)=[NH2+])C(=O)N1CCC[C@H]1C(=O)N[C@H](C)C(N)=O,0,ClinTox
CC(=O)O[C@H]1C[C@@H]2CC[C@@H]3[C@H](CC[C@@]4(C)[C@H]3C[C@H]([N+]3(C)CCCCC3)[C@@H]4OC(C)=O)[C@@]2(C)C[C@@H]1[N+]1(C)CCCCC1,0,ClinTox
CCc1c2c(nc3ccc(OC(=O)N4CCC(N5CCCCC5)CC4)cc13)-c1cc3c(c(=O)n1C2)COC(=O)[C@]3(O)CC,1,ClinTox
CC(C)[N+](C)(CCOC(=O)C1c2ccccc2Oc2ccccc21)C(C)C,0,ClinTox
O=c1[nH]c2cc(Cl)ccc2o1,1,ClinTox+DILI_TDC
COc1ccc2cc([C@H](C)C(=O)[O-])ccc2c1,0,ClinTox
Nc1nc(F)nc2c1ncn2[C@@H]1O[C@H](COP(=O)([O-])[O-])[C@@H](O)[C@@H]1O,0,ClinTox
Cc1ccccc1C(OCCN(C)C)c1ccccc1,0,DILI_TDC
OC(CC[NH+]1CCCCC1)(c1ccccc1)C1CCCC1,0,ClinTox
CCCCC(CC)COC(=O)CC(C(=O)OCC(CC)CCCC)S(=O)(=O)[O-].[Na+],0,DILI_TDC
CCC(=O)c1ccc2c(c1)N(CC(C)[NH+](C)C)c1ccccc1S2,0,ClinTox
Cc1ccc(Cl)c(Nc2ccccc2C(=O)[O-])c1Cl,0,ClinTox
COc1ccc2c(c1)C13CCCCC1C(C2)N(C)CC3,0,DILI_TDC
O=C([O-])c1ccc(-n2nc(-c3ccccc3O)nc2-c2ccccc2O)cc1,0,ClinTox
CC(=O)[C@H]1CC[C@H]2[C@@H]3CCC4=CC(=O)CC[C@]4(C)[C@H]3CC[C@]12C,0,ClinTox
CC[C@H]1OC(=O)[C@H](C)[C@@H](O[C@H]2C[C@@](C)(OC)[C@@H](O)[C@H](C)O2)C(C)[C@@H](O[C@@H]2O[C@H](C)C[C@H]([NH+](C)C)[C@H]2O)[C@](C)(O)C[C@@H](C)C[NH+](C)[C@H](C)[C@@H](O)[C@]1(C)O,0,ClinTox
CCCCCCCCCCCCCCOS(=O)(=O)[O-],0,ClinTox
Cc1ccc(C(=CCN2CCCC2)c2ccccn2)cc1,0,DILI_TDC
Cn1nnnc1SCC1=C(C(=O)O)N2C(=O)C(NC(=O)C(O)c3ccccc3)C2SC1,1,DILI_TDC
O=C(CCOCCOCCOCCOCCC(=O)Nc1c(I)cc(I)c(C(=O)[O-])c1I)Nc1c(I)cc(I)c(C(=O)[O-])c1I,0,ClinTox
Nc1ccc(/N=N/c2ccccc2)c(N)n1,0,ClinTox
CCCC(=O)O[C@]1(C(=O)COC(=O)CC)CC[C@H]2[C@@H]3CCC4=CC(=O)CC[C@]4(C)[C@H]3[C@@H](O)C[C@@]21C,0,ClinTox
CC(C)[NH2+]CC1CCc2cc(CO)c([N+](=O)[O-])cc2N1,0,ClinTox
CC(Cc1ccc2c(c1)OCO2)[NH2+]CC(O)c1ccc(O)c(O)c1,0,ClinTox
COc1cc2nc(N(C)CCCNC(=O)C3CCCO3)nc(N)c2cc1OC,0,ClinTox
[NH3+]CCC(O)(P(=O)([O-])[O-])P(=O)([O-])[O-],0,ClinTox
NC(C(=O)O)C1CC(Cl)=NO1,0,DILI_TDC
[O-]n1ccccc1=S,0,ClinTox
C=CCOc1ccc(CC(=O)O)cc1Cl,1,DILI_TDC
O=C(c1ccc(F)c(F)c1Nc1ccc(I)cc1F)N1CC(O)([C@@H]2CCCCN2)C1,1,ClinTox
CCC(C)CCCCC(=O)NC(CC[NH3+])C(=O)NC(C(=O)NC(CC[NH3+])C(=O)NC1CCNC(=O)C(C(C)O)NC(=O)C(CC[NH3+])NC(=O)C(CC[NH3+])NC(=O)C(CC(C)C)NC(=O)C(Cc2ccccc2)NC(=O)C(CC[NH3+])NC1=O)C(C)O,0,ClinTox
C[C@H](Cc1cc2c(c(C(N)=O)c1)N(CCCO)CC2)[NH2+]CCOc1ccccc1OCC(F)(F)F,0,ClinTox
CN1C(=O)C(O)N=C(c2ccccc2)c2cc(Cl)ccc21,0,ClinTox
Nc1nc(/C(=C/CC(=O)[O-])C(=O)N[C@@H]2C(=O)N3C(C(=O)[O-])=CCS[C@H]23)cs1,0,ClinTox
CC1Cc2ccccc2N1NC(=O)c1ccc(Cl)c(S(N)(=O)=O)c1,0,ClinTox
CCc1oc2ccccc2c1C(=O)c1cc(Br)c(O)c(Br)c1,1,DILI_TDC
OC1(c2ccc(Cl)cc2)c2ccccc2C2=[NH+]CCN21,0,ClinTox
CC(=O)Nc1c(I)cc(I)c(C(=O)[O-])c1I,0,ClinTox
NC1C2CN(c3nc4c(cc3F)c(=O)c(C(=O)O)cn4-c3ccc(F)cc3F)CC12,1,DILI_TDC
C[N+](C)(C)C[C@H](O)CC(=O)[O-],0,ClinTox
Cn1c(=O)c2c(ncn2CC(O)CO)n(C)c1=O,0,ClinTox
CC(=O)Oc1cc2c(s1)CCN(C(C(=O)C1CC1)c1ccccc1F)C2,0,DILI_TDC
CNC1=[NH+]c2ccc(Cl)cc2C(c2ccccc2)=[N+]([O-])C1,0,ClinTox
C[C@@H]1C[C@H]2[C@@H]3CCC4=CC(=O)C=C[C@]4(C)[C@@]3(F)[C@@H](O)C[C@]2(C)[C@H]1C(=O)CO,0,ClinTox
CCC[C@@H]1C[C@@H](C(=O)N[C@@H]([C@H]2O[C@H](SC)[C@H](O)[C@@H](O)[C@H]2O)[C@@H](C)O)[NH+](C)C1,0,ClinTox
CCOC(=O)C(CCc1ccccc1)NC1CCc2ccccc2N(CC(=O)O)C1=O,1,DILI_TDC
CCOC(=O)O[C@]1(C(=O)COC(=O)CC)CC[C@H]2[C@@H]3CCC4=CC(=O)C=C[C@]4(C)[C@H]3[C@@H](O)C[C@@]21C,0,ClinTox
CC(=O)OCC(=O)[C@@]12OC3(CCCC3)O[C@@H]1C[C@H]1[C@@H]3CCC4=CC(=O)C=C[C@]4(C)[C@@]3(F)[C@@H](O)C[C@@]12C,0,ClinTox
Cc1cc(C)c(NC(=O)C[NH+](CC(=O)[O-])CC(=O)[O-])c(C)c1Br,0,ClinTox
CN1CCN(C2=c3ccccc3=Nc3ccc(Cl)cc3N2)CC1,1,DILI_TDC
O=C1CCCC(=O)[C-]1C(=O)c1ccc(C(F)(F)F)cc1[N+](=O)[O-],0,ClinTox
CCCCCCCCCCCCCCCCO,0,ClinTox
Cc1ccc(Nc2c(F)cccc2Cl)c(CC(=O)O)c1,1,DILI_TDC
C#CC1(O)CCC2C3CCC4=CC(=O)CCC4C3CCC21CC,0,DILI_TDC
C[NH+]1CCC(=C2c3ccccc3CCc3cccnc32)CC1,0,ClinTox
C/C(=C\C(=O)OCCCCCCCCC(=O)[O-])C[C@@H]1OC[C@H](C[C@@H]2O[C@H]2[C@@H](C)[C@H](C)O)[C@@H](O)[C@H]1O,0,ClinTox
C[C@H]([NH2+][C@@H](CCc1ccccc1)C(=O)[O-])C(=O)N1CCC[C@H]1C(=O)[O-],0,ClinTox
C=C1CCC2(O)C3Cc4ccc(O)c5c4C2(CCN3CC2CC2)C1O5,0,DILI_TDC
Cc1nc2n(c(=O)c1CC[NH+]1CCC(c3noc4cc(F)ccc34)CC1)CCCC2O,0,ClinTox
CC(C)CNCc1ccc(-c2ccccc2S(=O)(=O)N2CCCC2)cc1,1,ClinTox
COCCCOc1ccnc(CS(=O)c2nc3ccccc3[nH]2)c1C,0,ClinTox
Oc1cc(Cl)ccc1Oc1ccc(Cl)cc1Cl,0,ClinTox
C[NH2+]C(C)Cc1ccccc1,0,ClinTox
CCCCC(C)(O)C/C=C/[C@H]1[C@H](O)CC(=O)[C@@H]1CCCCCCC(=O)OC,0,ClinTox
CC(=O)Oc1c(C)cc(OCC(O)C[NH2+]C(C)C)c(C)c1C,0,ClinTox
COc1cc(O)c(C(=O)c2ccccc2)cc1S(=O)(=O)O,0,DILI_TDC
O=C(O)Cc1ccccc1Nc1c(Cl)cccc1Cl,1,DILI_TDC
C[NH+](C)CCc1c[nH]c2ccc(CS(=O)(=O)N3CCCC3)cc12,0,ClinTox
CC(=O)Nc1cccc(O)c1,0,DILI_TDC
CCCCC(F)(F)[C@@]1(O)CC[C@@H]2[C@H](CCCCCCC(=O)[O-])C(=O)C[C@H]2O1,0,ClinTox
CCC(=O)O[C@H]1CC[C@H]2[C@@H]3CC[C@H]4CC(=O)[C@H](C)C[C@]4(C)[C@H]3CC[C@]12C,0,ClinTox
[NH3+]C(CO)(CO)CO,0,ClinTox
Cc1ncc([N+](=O)[O-])n1CCO,1,ClinTox+DILI_TDC
C=CN1CCCC1=O,0,ClinTox
[NH3+]C[C@H]1O[C@H](O[C@H]2[C@H](O)[C@@H](O[C@H]3O[C@H](CO)[C@@H](O)[C@H]([NH3+])[C@H]3O)[C@H]([NH3+])C[C@@H]2[NH3+])[C@H]([NH3+])C[C@@H]1O,0,ClinTox
CC1COc2c(N3CCN(C)CC3)c(F)cc3c(=O)c(C(=O)O)cn1c23,1,DILI_TDC
C[C@]12CCC(=O)C=C1[C@@H]1C[C@@H]1[C@H]1[C@@H]3[C@@H]4C[C@@H]4[C@@]4(CCC(=O)O4)[C@@]3(C)CC[C@@H]12,0,ClinTox
[NH3+][C@@H](Cc1cc(I)c(Oc2ccc(O)c(I)c2)c(I)c1)C(=O)[O-],0,ClinTox
CCOC(=O)CC(SP(=S)(OC)OC)C(=O)OCC,0,ClinTox
C[n+]1ccccc1/C=N/O,0,ClinTox
CC(=O)Nc1c(I)c(C(=O)N[C@H]2C(O)O[C@H](CO)[C@@H](O)[C@@H]2O)c(I)c(N(C)C(C)=O)c1I,0,ClinTox
C[NH+](C)CCC(c1ccc(Br)cc1)c1ccccn1,0,ClinTox
Cc1ncc(C[n+]2csc(CCO)c2C)c(N)n1,0,ClinTox+DILI_TDC
C[C@@H](Oc1cc(-c2cnn(C3CC[NH2+]CC3)c2)cnc1N)c1c(Cl)ccc(F)c1Cl,0,ClinTox
COc1ccc2c(C(=O)c3ccc(Cl)cc3)c(C)n(CC(=O)O)c2c1,1,DILI_TDC
CN/C(NCc1ccccc1)=[NH+]\C,0,ClinTox
CCC(=O)N(c1ccccc1)C1(COC)CC[NH+](CCn2nnn(CC)c2=O)CC1,0,ClinTox
Cc1ccc(C(=O)c2ccc(CC(=O)O)n2C)cc1,1,DILI_TDC
NC(=O)NS(=O)(=O)c1ccc(N)cc1,1,DILI_TDC
CCCCCCc1ccc(O)cc1O,0,DILI_TDC
CC1=C(/C=C/C(C)=C/C=C/C(C)=C/CO)C(C)(C)CCC1,0,ClinTox
[NH3+]CCc1ccc(O)c(O)c1,0,ClinTox
CC(=O)Nc1c(I)c(C(=O)[O-])c(I)c(N(C)C(C)=O)c1I,0,ClinTox
COc1cc(NC(C)CCCN)c2ncccc2c1,0,DILI_TDC
CC(=O)[C@@]1(O)CC[C@H]2[C@@H]3C[C@H](C)C4=CC(=O)C=C[C@]4(C)[C@@]3(F)[C@@H](O)C[C@@]21C,0,ClinTox
COc1cccc2c1C(=O)c1c(O)c3c(c(O)c1C2=O)CC(O)(C(=O)CO)CC3OC1CC(N)C(O)C(C)O1,1,DILI_TDC
CC[N+](C)(C)c1cccc(O)c1,0,ClinTox+DILI_TDC
CN(C)CCCC1(c2ccc(F)cc2)OCc2cc(C#N)ccc21,0,DILI_TDC
C/C=C/C1=C(C(=O)[O-])N2C(=O)[C@@H](NC(=O)[C@H]([NH3+])c3ccc(O)cc3)[C@H]2SC1,0,ClinTox
CCc1c(Cl)c([O-])c(Cl)c(O)c1C(=O)O[C@H]1[C@H](O)[C@H](OC)[C@H](OC/C2=C\C=C\C[C@H](O)/C(C)=C/[C@H](CC)[C@@H](O[C@@H]3OC(C)(C)[C@@H](OC(=O)C(C)C)[C@H](O)[C@@H]3O)/C(C)=C/C(C)=C/C[C@@H]([C@@H](C)O)OC2=O)O[C@@H]1C,0,ClinTox
O=C([O-])c1cn(C2CC2)c2cc(N3CC[NH2+]CC3)c(F)cc2c1=O,0,ClinTox
CC(C)(CO)C(O)C(=O)NCCCO,0,DILI_TDC
C=C(C)[C@@H]1CC[C@@]2(C1)C(C)=CCC[C@@H]2C,0,ClinTox
CC(=O)c1ccc2c(c1)N(CCC[NH+]1CCC(CCO)CC1)c1ccccc1S2,0,ClinTox
O=C1[C@H](CC[C@H](O)c2ccc(F)cc2)[C@@H](c2ccc(O)cc2)N1c1ccc(F)cc1,0,ClinTox
O=C([O-])CCC(=O)OC[C@@H](NC(=O)[C-](Cl)Cl)[C@H](O)c1ccc([N+](=O)[O-])cc1,0,ClinTox
Cc1ccc(-n2[nH]c(C)c(NN=C3C=CC=C(c4cccc(C(=O)O)c4)C3=O)c2=O)cc1C.NCCO.NCCO,1,DILI_TDC
Cc1ccc(N(CC2=NCCN2)c2cccc(O)c2)cc1,0,DILI_TDC
Cc1ccccc1N1CC[NH+](CCc2nnc3n2CCCC3)CC1,0,ClinTox
Cc1ccc(Nc2nccc(N(C)c3ccc4c(C)n(C)nc4c3)n2)cc1S(N)(=O)=O,1,ClinTox+DILI_TDC
NCCCCCC(=O)O,0,DILI_TDC
CC[NH+](CC)CCNC(=O)c1c(C)[nH]c(/C=C2\C(=O)Nc3ccc(F)cc32)c1C,0,ClinTox
CC[NH+](CC)CCOC(=O)C1(C2CCCCC2)CCCCC1,0,ClinTox
CC(C)(CO)[C@@H](O)C(=O)NCCCO,0,ClinTox
CCC[NH+](CCC)CCc1cccc2c1CC(=O)N2,0,ClinTox
CC1(C)O[C@@H]2C[C@H]3[C@@H]4C[C@H](F)C5=CC(=O)C=C[C@]5(C)[C@@]4(F)[C@@H](O)C[C@]3(C)[C@]2(C(=O)CO)O1,0,ClinTox
CC1=C(CC(=O)[O-])c2cc(F)ccc2/C1=C\c1ccc(S(C)=O)cc1,0,ClinTox
CCC[NH+](CC)C(CC)C(=O)Nc1c(C)cccc1C,0,ClinTox
C[NH+]1CCC[C@H]1c1cccnc1,0,ClinTox
Clc1ccc(C(c2ccccc2Cl)C(Cl)Cl)cc1,0,ClinTox+DILI_TDC
CC(O)(P(=O)(O)O)P(=O)(O)O,0,DILI_TDC
CCOC(=O)Nc1ccc2c(c1)N(C(=O)CCN1CCOCC1)c1ccccc1S2,1,DILI_TDC
O=C([O-])CN(CC[NH+](CC(=O)[O-])CC(=O)[O-])CC(=O)[O-],0,ClinTox
COC(=O)Nc1nc2ccccc2[nH]1,1,DILI_TDC
CO[C@H]1CC2CC[C@@H](C)[C@@](O)(O2)C(=O)C(=O)N2CCCC[C@H]2C(=O)O[C@H]([C@H](C)C[C@@H]2CC[C@@H](OC(=O)C(C)(CO)CO)[C@H](OC)C2)CC(=O)[C@H](C)/C=C(\C)[C@@H](O)[C@@H](OC)C(=O)[C@H](C)C[C@H](C)/C=C/C=C/C=C/1C,0,ClinTox
CC[C@@H]1C(=O)OC[C@@H]1Cc1cncn1C,0,ClinTox
OC(c1cc(C(F)(F)F)nc2c(C(F)(F)F)cccc12)C1CCCC[NH2+]1,0,ClinTox
NC(Cc1cc(I)c(Oc2ccc(O)c(I)c2)c(I)c1)C(=O)O,0,DILI_TDC
CC(C(=O)[O-])c1cccc(Oc2ccccc2)c1,0,ClinTox
CC1(C)SC2C(NC(=O)C(NC(=O)N3CCN(S(C)(=O)=O)C3=O)c3ccccc3)C(=O)N2C1C(=O)O,1,DILI_TDC
CCc1cccc2c3c([nH]c12)C(CC)(CC(=O)[O-])OCC3,0,ClinTox
CC1(C)NC(=O)N(c2ccc([N+](=O)[O-])c(C(F)(F)F)c2)C1=O,1,ClinTox+DILI_TDC
Cn1cc[nH]c1=S,1,ClinTox+DILI_TDC
CC(=O)C1(O)CCC2C3CC(C)C4=CC(=O)CCC4(C)C3CCC21C,0,DILI_TDC
COc1cc(C(C)=O)ccc1OCCC[NH+]1CCC(c2noc3cc(F)ccc23)CC1,0,ClinTox
O=C(O)c1cc(-c2ccc(F)cc2F)ccc1O,1,DILI_TDC
CCc1nn(CCC[NH+]2CCN(c3cccc(Cl)c3)CC2)c(=O)n1CCOc1ccccc1,0,ClinTox
O=C([O-])CCC(=O)[O-],0,ClinTox
NC(CCSCc1csc([NH+]=C(N)N)n1)=NS(N)(=O)=O,0,ClinTox
Cc1ccc(N(CC2=[NH+]CCN2)c2cccc(O)c2)cc1,0,ClinTox
O=[N+]([O-])O[C@H]1CO[C@H]2[C@@H]1OC[C@H]2O[N+](=O)[O-],0,ClinTox
Clc1ccc2c(c1)CCc1cccnc1C2=C1CC[NH2+]CC1,0,ClinTox
COc1cc2c(c(OC)c1OC)-c1ccc(OC)c(=O)cc1C(NC(C)=O)CC2,0,DILI_TDC
CN(C)CCC=C1c2ccccc2CCc2ccccc21,0,DILI_TDC
Cc1cnc(C(=O)NCCc2ccc(S(=O)(=O)[N-]C(=O)NC3CCCCC3)cc2)cn1,0,ClinTox
C[C@H]1C[C@@H]2[C@H]([C@@H](O)C[C@@]3(C)[C@H]2CC[C@]3(O)C(=O)COC(=O)CCC(=O)[O-])[C@@]2(C)C=CC(=O)C=C12,0,ClinTox
NC(=O)CS(=O)C(c1ccccc1)c1ccccc1,0,ClinTox
Cc1cccc(C)c1NC(=O)C1CCCC[NH+]1C,0,ClinTox
CC(=O)OCC(=O)[C@@]1(O)CC[C@H]2[C@@H]3CCC4=CC(=O)CC[C@]4(C)[C@@]3(F)[C@@H](O)C[C@@]21C,0,ClinTox
O=c1[nH]cc(F)c(=O)[nH]1,1,ClinTox+DILI_TDC
C[C@]([NH3+])(Cc1ccc(O)c(O)c1)C(=O)[O-],0,ClinTox
Clc1cccc(Cl)c1NC1=[NH+]CCN1,0,ClinTox
c1ccc2c(c1)Nc1ccccc1S2,1,DILI_TDC
Cc1cnc(NC(=O)C2=C(O)c3ccccc3S(=O)(=O)N2C)s1,0,ClinTox
COC(=O)Nc1nc2ccc(C(=O)c3ccccc3)cc2[nH]1,1,DILI_TDC
O=C1NC(c2ccccc2)(c2ccccc2)C(=O)N1COP(=O)([O-])[O-],0,ClinTox
CCCCC(=O)O[C@]1(C(=O)CO)[C@@H](C)C[C@H]2[C@@H]3CCC4=CC(=O)C=C[C@]4(C)[C@@]3(F)[C@@H](O)C[C@@]21C,0,ClinTox
O=C(C1CCCCC1)N1CC(=O)N2CCc3ccccc3C2C1,0,ClinTox+DILI_TDC
CCOC(=O)C(CCc1ccccc1)NC(C)C(=O)N1Cc2ccccc2CC1C(=O)O,1,DILI_TDC
Oc1ncnc2[nH]ncc12,0,ClinTox
C[C@]12CCC(=O)C=C1CC[C@@H]1[C@@H]2[C@@H](O)C[C@@]2(C)[C@H]1CC[C@]2(O)C(=O)CO,1,ClinTox
CC1(C)S[C@@H]2[C@H](NC(=O)C3([NH3+])CCCCC3)C(=O)N2[C@H]1C(=O)[O-],0,ClinTox
CN(C)c1cccc2cc(S(=O)(=O)[O-])ccc12,0,ClinTox
O=C([O-])COCC[NH+]1CCN(C(c2ccccc2)c2ccc(Cl)cc2)CC1,0,ClinTox
CCCOC(=O)Cn1cc(I)c(=O)c(I)c1,0,ClinTox
CC(=O)OCC(=O)[C@@]1(OC(C)=O)[C@@H](C)C[C@H]2[C@@H]3C[C@H](F)C4=CC(=O)C=C[C@]4(C)[C@@]3(F)[C@@H](O)C[C@@]21C,0,ClinTox
COc1ccc2c3c1O[C@H]1C(=O)CC[C@H]4[C@@H](C2)[NH+](C)CC[C@]314,0,ClinTox
CC1C(c2ccccc2)OCCN1C,0,DILI_TDC
COc1cc(C2c3cc4c(cc3C(OC3OC5COC(C)OC5C(O)C3O)C3COC(=O)C23)OCO4)cc(OC)c1O,1,DILI_TDC
CC[NH+](CC)CC(=O)OCC(=O)[C@@]1(O)CC[C@H]2[C@@H]3CCC4=CC(=O)CC[C@]4(C)[C@H]3[C@@H](O)C[C@@]21C,0,ClinTox
CC[C@@H]1/C=C(/C)C[C@H](C)C[C@H](OC)[C@H]2O[C@@](O)(C(=O)C(=O)N3CCCC[C@H]3C(=O)O[C@H](/C(C)=C/[C@@H]3CC[C@H](Cl)[C@H](OC)C3)[C@H](C)[C@@H](O)CC1=O)[C@H](C)C[C@@H]2OC,0,ClinTox
CCCCCCCCCCCCCCCC[N+](C)(C)CCN(Cc1ccc(OC)cc1)c1ncccn1,0,ClinTox
CO[C@@]12[C@H](COC(N)=O)C3=C(C(=O)C(C)=C([NH3+])C3=O)[NH+]1C[C@@H]1N[C@@H]12,0,ClinTox
CCC(C)n1ncn(-c2ccc(N3CCN(c4ccc(OCC5COC(Cn6cncn6)(c6ccc(Cl)cc6Cl)O5)cc4)CC3)cc2)c1=O,1,DILI_TDC
COC(=O)[C@H](c1ccccc1)[C@H]1CCCC[NH2+]1,0,ClinTox
Cc1cn([C@H]2C[C@H](N=[N+]=[N-])[C@@H](CO)O2)c(=O)[nH]c1=O,0,ClinTox
CCP(CC)(CC)=[Au]S[C@@H]1O[C@H](COC(C)=O)[C@@H](OC(C)=O)[C@H](OC(C)=O)[C@H]1OC(C)=O,0,ClinTox
COC(CNC(=O)c1ccccc1OCC(=O)[O-])C[Hg]O,0,ClinTox
FC(F)OC(F)(F)C(F)Cl,0,ClinTox
C=C1[C@H](CO)[C@@H](O)C[C@@H]1n1cnc2c(=O)[nH]c(N)nc21,0,ClinTox
Cl[201Tl],0,ClinTox
CC(=O)Oc1ccc(C2(c3ccc(OC(C)=O)cc3)C(=O)N(C(C)=O)c3ccccc32)cc1,1,DILI_TDC
Cc1cc2nc3c(=O)[nH]c(=O)nc-3n(C[C@H](O)[C@H](O)[C@H](O)COP(=O)([O-])[O-])c2cc1C,0,ClinTox
C#CCC(Cc1cnc2nc(N)nc(N)c2n1)c1ccc(C(=O)N[C@@H](CCC(=O)[O-])C(=O)[O-])cc1,0,ClinTox
O=P1(N(CCCl)CCCl)NCCCO1,1,ClinTox
CNS(=O)(=O)Cc1ccc2[nH]cc(CC[NH+](C)C)c2c1,0,ClinTox
CCC1(c2ccc(N)cc2)CCC(=O)NC1=O,0,ClinTox+DILI_TDC
Cc1ccc(C)c(OCCCC(C)(C)C(=O)[O-])c1,0,ClinTox
NC1CC1c1ccccc1,0,DILI_TDC
C[NH+](C/C=C/C#CC(C)(C)C)Cc1cccc2ccccc12,0,ClinTox
C[NH2+]CCC(Oc1ccc(C(F)(F)F)cc1)c1ccccc1,0,ClinTox
CC(C)(C)c1ccc(C(O)CCCN2CCC(C(O)(c3ccccc3)c3ccccc3)CC2)cc1,0,DILI_TDC
OC(C[NH2+]CC(O)C1CCc2cc(F)ccc2O1)C1CCc2cc(F)ccc2O1,0,ClinTox
C[NH+](C)CC/C=C1/c2ccccc2COc2ccc(CC(=O)[O-])cc21,0,ClinTox
C[NH2+][C@@H](C)[C@@H](O)c1ccccc1,0,ClinTox
CC1(C)S[C@@H]2[C@H](NC(=O)Cc3ccccc3)C(=O)N2[C@H]1C(=O)[O-],0,ClinTox
CC(C)[C@@H]1NC(=O)[C@H](CCCC[NH3+])NC(=O)[C@@H](Cc2c[nH]c3ccccc23)NC(=O)[C@H](Cc2ccc(O)cc2)NC(=O)[C@@H](NC(=O)[C@H]([NH3+])Cc2ccc3ccccc3c2)CSSC[C@@H](C(=O)N[C@H](C(N)=O)[C@@H](C)O)NC1=O,0,ClinTox
CC[NH2+][C@@H]1C[C@H]([NH3+])[C@@H](O[C@H]2OC(C[NH3+])=CC[C@H]2[NH3+])[C@H](O)[C@H]1O[C@H]1OC[C@](C)(O)[C@H]([NH2+]C)[C@H]1O,0,ClinTox
NC(N)=[NH+]CCC[C@H]([NH3+])C(=O)[O-],0,ClinTox
CC(C)[C@@H]1CC[C@@H](C)C[C@H]1O,0,ClinTox
O=C(NC[C@H]1CN(c2ccc(N3CCOCC3=O)cc2)C(=O)O1)c1ccc(Cl)s1,0,ClinTox
C=CCOc1ccccc1OCC(O)C[NH2+]C(C)C,0,ClinTox
CC(COc1ccccc1)[NH+](CCCl)Cc1ccccc1,0,ClinTox
CCC(=O)O[C@]1(C(=O)CCl)[C@@H](C)CC2C3C[C@H](F)C4=CC(=O)C=CC4(C)[C@@]3(F)C(O)CC21C,0,ClinTox
O=C(OC[C@H]1O[C@@H](OC(=O)c2cc(O)c(O)c(OC(=O)c3cc(O)c(O)c(O)c3)c2)[C@H](OC(=O)c2cc(O)c(O)c(OC(=O)c3cc(O)c(O)c(O)c3)c2)[C@@H](OC(=O)c2cc(O)c(O)c(OC(=O)c3cc(O)c(O)c(O)c3)c2)[C@@H]1OC(=O)c1cc(O)c(O)c(OC(=O)c2cc(O)c(O)c(O)c2)c1)c1cc(O)c(O)c(OC(=O)c2cc(O)c(O)c(O)c2)c1,0,ClinTox
COc1cc(C(=O)NCc2ccc(OCC[NH+](C)C)cc2)cc(OC)c1OC,0,ClinTox
CC1CC2C3CCC4=CC(=O)C=CC4(C)C3(Cl)C(O)CC2(C)C1(O)C(=O)CCl,0,DILI_TDC
O=c1[nH]c2ccccc2n1C1CC[NH+](CCCC(c2ccc(F)cc2)c2ccc(F)cc2)CC1,0,ClinTox
COc1ccc2c3c1OC1C(=O)CCC4(O)C(C2)N(C)CCC314,0,DILI_TDC
CCC(C)n1ncn(-c2ccc(N3CCN(c4ccc(OC[C@H]5CO[C@](Cn6cncn6)(c6ccc(Cl)cc6Cl)O5)cc4)CC3)cc2)c1=O,0,ClinTox
CC(O)C(=O)[O-],0,ClinTox
Cc1cn([C@@H]2C[C@@H](O)[C@H](CO)O2)c(=O)[nH]c1=O,0,ClinTox
CC(Cc1ccc(O)c(O)c1)(NN)C(=O)O,0,DILI_TDC
OC1C(O)C(O)C(O)C(O)C1O,0,DILI_TDC
CCCc1c2oc(C(=O)[O-])cc(=O)c2cc2c(=O)cc(C(=O)[O-])n(CC)c12,0,ClinTox
Cn1c(=O)c2c(ncn2C)n(C)c1=O,0,ClinTox
CC(C)C[C@H](C[NH3+])CC(=O)[O-],0,ClinTox
CCCCOc1ccc(OCCC[NH+]2CCOCC2)cc1,0,ClinTox
C[NH+](C)CCC(c1ccc(Cl)cc1)c1ccccn1,0,ClinTox
O=C(OOC(=O)c1ccccc1)c1ccccc1,0,ClinTox
CCC(=O)O[C@H]1[C@H](O[C@@H]2[C@@H](C)[C@H](O[C@H]3C[C@@](C)(OC)[C@@H](O)[C@H](C)O3)[C@@H](C)C(=O)O[C@H](CC)[C@@](C)(O)[C@H](O)[C@@H](C)C(=O)[C@H](C)C[C@@]2(C)O)O[C@H](C)C[C@@H]1[NH+](C)C,0,ClinTox
O=C(OCC(O)CO)c1ccccc1Nc1ccnc2cc(Cl)ccc12,1,DILI_TDC
CN1C(CCl)Nc2cc(Cl)c(S(N)(=O)=O)cc2S1(=O)=O,0,ClinTox
CCOP(=O)(OCC)SCC[N+](C)(C)C,0,ClinTox
CC(c1cc2ccccc2s1)N(O)C(N)=O,1,ClinTox+DILI_TDC
CCCSc1ccc2nc(NC(=O)OC)[nH]c2c1,1,DILI_TDC
O=C([O-])CCCCCCCC(=O)[O-],0,ClinTox
Nc1nc(=O)c2ncn(CCC(CO)CO)c2[nH]1,0,ClinTox
CN1C(=O)OC(C)(C)C1=O,0,ClinTox
Cc1cccc(Nc2ccccc2C(=O)[O-])c1C,0,ClinTox
*C(=O)[C@H](CCCCNC(=O)OCCOC)NC(=O)OCCOC,0,ClinTox
COc1ccc(CC(N)C(=O)NC2C(CO)OC(n3cnc4c(N(C)C)ncnc43)C2O)cc1,1,DILI_TDC
C[NH+]1CC[C@]23c4c5ccc(O)c4O[C@H]2[C@@H](O)C=C[C@H]3[C@H]1C5,0,ClinTox
CC(C)NCC(O)COc1cccc2ccccc12,1,ClinTox+DILI_TDC
[N]=O,0,ClinTox
CC[C@@H](CO)NC(=O)[C@@H]1C=C2c3cccc4c3c(cn4C)C[C@H]2[NH+](C)C1,0,ClinTox
CCC1(C)OC(=O)N(C)C1=O,0,ClinTox
Cc1ccc(/C(=C\C[NH+]2CCCC2)c2ccccn2)cc1,0,ClinTox
OCC1OC(n2cnc3c2NC=NCC3O)CC1O,1,DILI_TDC
C[NH+](C)CCC(c1ccccc1)c1ccccn1,0,ClinTox
O=C1OCCN1/N=C/c1ccc([N+](=O)[O-])o1,0,ClinTox
CC(=O)[C@H]1CC[C@H]2[C@@H]3C=CC4=CC(=O)CC[C@@]4(C)[C@@H]3CC[C@]12C,0,ClinTox
CCC(=O)OC(OP(=O)(CCCCc1ccccc1)CC(=O)N1C[C@H](C2CCCCC2)C[C@H]1C(=O)[O-])C(C)C,0,ClinTox
CCC[NH+]1CCCC[C@H]1C(=O)Nc1c(C)cccc1C,0,ClinTox
C[NH+](C)CCN(Cc1ccccc1)c1ccccn1,0,ClinTox
CCC1(C)CC(=O)NC1=O,0,ClinTox
CCC(=O)[C@@]1(C)[C@H](C)CC2C3CCC4=CC(=O)C=C[C@]4(C)C3[C@@H](O)C[C@@]21C,0,ClinTox
CCCCCCCCCCC[C@@H](C[C@@H]1OC(=O)[C@H]1CCCCCC)OC(=O)[C@H](CC(C)C)NC=O,0,ClinTox
CCOc1ccc2ccccc2c1C(=O)N[C@@H]1C(=O)N2[C@@H]1SC(C)(C)[C@@H]2C(=O)[O-],0,ClinTox
[NH3+][C@@H](CS)C(=O)[O-],0,ClinTox
CC(=O)c1ccc2c(c1)N(CCCN1CC[NH+](CCO)CC1)c1ccccc1S2,0,ClinTox
C=C[C@H]1C[NH+]2CC[C@H]1C[C@H]2[C@H](O)c1ccnc2ccc(OC)cc12,0,ClinTox
CCN1CC(CC[NH+]2CCOCC2)C(c2ccccc2)(c2ccccc2)C1=O,0,ClinTox
NCCC(O)C(=O)NC1CC(N)C(OC2OC(CN)C(O)C(O)C2O)C(O)C1OC1OC(CO)C(O)C(N)C1O,0,DILI_TDC
CC[C@H](OC(C)=O)C(C[C@H](C)[NH+](C)C)(c1ccccc1)c1ccccc1,0,ClinTox
CC(C)(C)CC(=O)OCC(=O)[C@@]12OC(C)(C)O[C@@H]1C[C@H]1[C@@H]3CCC4=CC(=O)C=C[C@]4(C)[C@@]3(F)[C@@H](O)C[C@@]12C,0,ClinTox
O=C(CCNNC(=O)c1ccncc1)NCc1ccccc1,1,DILI_TDC
CC(C)[NH2+]CC(O)COc1ccc(CCOCC2CC2)cc1,0,ClinTox
CC1OC(OC2C(CO)OC(OC3C(CO)OC(O)C(O)C3O)C(O)C2O)C(O)C(O)C1NC1C=C(CO)C(O)C(O)C1O,1,DILI_TDC
CC1CN(CC(Cc2ccccc2)C(=O)NCC(=O)O)CCC1(C)c1cccc(O)c1,0,DILI_TDC
CCCCCc1cc(O)c2c(c1)OC(C)(C)[C@@H]1CCC(C)=C[C@@H]21,0,ClinTox
CC(=O)N(c1onc(C)c1C)S(=O)(=O)c1ccc(N)cc1,0,ClinTox
COc1cc([C@@H]2c3cc4c(cc3[C@@H](O[C@@H]3O[C@@H]5COC(c6cccs6)O[C@H]5[C@H](O)[C@H]3O)[C@H]3COC(=O)[C@H]23)OCO4)cc(OC)c1O,0,ClinTox
CCN(CC)CCNC(=O)c1c(C)[nH]c(C=C2C(=O)Nc3ccc(F)cc32)c1C,1,DILI_TDC
NC(=O)N1c2ccccc2C=Cc2ccccc21,1,ClinTox+DILI_TDC
COc1cc2nc(N3CCN(C(=O)C4CCCO4)CC3)nc(N)c2cc1OC,0,ClinTox
Nc1ncnc2c1ncn2[C@@H]1O[C@H](CO)[C@@H](O)[C@H]1O,0,ClinTox
CC(C)[N+](C)(CCC(C(N)=O)(c1ccccc1)c1ccccc1)C(C)C,0,ClinTox
C=CC[NH2+]CCCCCC[N+](C)(C)C,0,ClinTox
Oc1ccc2c3c1O[C@H]1[C@@H](O)CC[C@@]4(O)[C@@H](C2)[NH+](CC2CCC2)CC[C@]314,0,ClinTox
CCc1cc2c(cc1CC)CC([NH2+]C[C@H](O)c1ccc(O)c3[nH]c(=O)ccc13)C2,0,ClinTox
NC(=O)N/N=C/c1ccc([N+](=O)[O-])o1,0,ClinTox
CC[NH+](CC)CC#CCOC(=O)C(O)(c1ccccc1)C1CCCCC1,0,ClinTox
Cn1nnnc1SCC1=C(C(=O)[O-])N2C(=O)[C@@H](NC(=O)[C@H](O)c3ccccc3)[C@H]2SC1,0,ClinTox
CC1CC2C3CCC4=CC(=O)C=CC4(C)C3(F)C(O)CC2(C)C1(O)C(=O)CO,0,DILI_TDC
C[C@H]1C[NH+](C[C@H](Cc2ccccc2)C(=O)NCC(=O)[O-])CC[C@@]1(C)c1cccc(O)c1,0,ClinTox
[NH3+][C@@H]1CC1c1ccccc1,0,ClinTox
NC(N)=[NH+]CC1COC2(CCCCC2)O1,0,ClinTox
NCC1OC(OC2C(CO)OC(OC3C(O)C(N)CC(N)C3OC3OC(CO)C(O)C(O)C3N)C2O)C(N)C(O)C1O,0,DILI_TDC
CC(=O)CCCCn1c(=O)c2c(ncn2C)n(C)c1=O,0,ClinTox
Nc1ccc(C(=O)O)cc1,0,DILI_TDC
Cc1onc(-c2c(Cl)cccc2Cl)c1C(=O)NC1C(=O)N2C1SC(C)(C)C2C(=O)O,1,DILI_TDC
C=C1C[C@@H]2[C@H](CC[C@]3(C)C(=O)CC[C@@H]23)[C@@]2(C)C=CC(=O)C=C12,0,ClinTox
CC(C)C[C@H]1C(=O)N2CCC[C@H]2[C@]2(O)O[C@](NC(=O)[C@@H]3C=C4c5cccc6[nH]c(Br)c(c56)C[C@H]4[NH+](C)C3)(C(C)C)C(=O)N12,0,ClinTox
CC1=NS(=O)(=O)c2cc(Cl)ccc2N1,0,ClinTox
CC1OC(OC2C(O)CC(OC3C(O)CC(OC4CCC5(C)C(CCC6C5CC(O)C5(C)C(C7=CC(=O)OC7)CCC65O)C4)OC3C)OC2C)CC(O)C1O,0,DILI_TDC
CCOc1ccc2nc(S(N)(=O)=O)sc2c1,0,ClinTox
CC1=C(CCC(=O)[O-])c2cc3nc(cc4[nH]c(cc5[nH]c(cc1n2)c(C)c5C(C)O)c(C)c4C(C)OC(C)c1c(C)c2cc4nc(cc5nc(cc6[nH]c(cc1[nH]2)c(C)c6C(C)O)C(C)=C5CCC(=O)[O-])C(CCC(=O)[O-])=C4C)C(C)=C3CCC(=O)[O-],0,ClinTox
C=CC1=C(C)c2cc3[nH]c(cc4nc(cc5[nH]c(cc1n2)c(C)c5CCC(=O)[O-])C(CCC(=O)OC)=C4C)[C@@]1(C)C3=CC=C(C(=O)OC)[C@H]1C(=O)OC,0,ClinTox
[H]/[NH+]=C(\N)C1=CC(=O)/C(=C\C=c2ccc(=C(N)[NH3+])cc2)C=C1,0,ClinTox
Nc1nc(=O)n([C@@H]2CS[C@H](CO)O2)cc1F,0,ClinTox
NC(=O)c1ccccc1O,0,DILI_TDC
Cc1ccccc1C(OCC[NH+](C)C)c1ccccc1,0,ClinTox
CN1C(=O)CCS(=O)(=O)C1c1ccc(Cl)cc1,1,ClinTox+DILI_TDC
CC(C)Nc1cccnc1N1CCN(C(=O)c2cc3cc(NS(C)(=O)=O)ccc3[nH]2)CC1,0,ClinTox
COC(=O)[C@@H]1CC2=CC(=O)CC[C@]2(C)[C@@]23O[C@@H]2C[C@@]2(C)[C@@H](CC[C@@]24CCC(=O)O4)[C@H]13,0,ClinTox
Cl[Zn]Cl,0,ClinTox
C#CC1(O)CCC2C3CCC4=CC(=O)CCC4C3CCC21C,0,DILI_TDC
C=CCC1(C(C)CCC)C(=O)NC(S)=[NH+]C1=O,0,ClinTox
C=C1CC[C@@]2(O)[C@H]3Cc4ccc(O)c5c4[C@@]2(CC[NH+]3CC2CC2)[C@H]1O5,0,ClinTox
NC(=O)OCC(O)COc1ccc(Cl)cc1,0,ClinTox
CC(=O)O[C@]1(C(C)=O)CC[C@H]2[C@@H]3C[C@H](C)C4=CC(=O)C=C[C@]4(C)[C@@]3(F)[C@@H](O)C[C@@]21C,0,ClinTox
CCCCCCCCCC(=O)O[C@H]1CC[C@H]2[C@@H]3CCC4=CC(=O)CC[C@@H]4[C@H]3CC[C@]12C,0,ClinTox
CC1=C(/C=C/C(C)=C/C=C/C(C)=C\C(=O)[O-])C(C)(C)CCC1,0,ClinTox
O=C([O-])c1cc(/N=N/c2ccc(S(=O)(=O)[N-]c3ccccn3)cc2)ccc1O,0,ClinTox
C#CC[NH2+][C@@H]1CCc2ccccc21,0,ClinTox
COc1cc(N)c(Cl)cc1C(=O)NC1CC[NH+](CCCOc2ccc(F)cc2)CC1OC,0,ClinTox
COCCNC(=O)CN(CCN(CCN(CC(=O)[O-])CC(=O)NCCOC)CC(=O)[O-])CC(=O)[O-].[Gd+3],0,DILI_TDC
C[C@H](CCC(=O)[O-])[C@H]1CC[C@H]2[C@@H]3[C@H](O)C[C@@H]4C[C@H](O)CC[C@]4(C)[C@H]3CC[C@]12C,0,ClinTox
O=C(CCCCC(=O)Nc1c(I)cc(I)c(C(=O)[O-])c1I)Nc1c(I)cc(I)c(C(=O)[O-])c1I,0,ClinTox
CCC(=O)O[C@H]1CC[C@H]2[C@@H]3CCC4=CC(=O)CC[C@]4(C)[C@H]3CC[C@]12C,0,ClinTox
CCCc1nc(C)c2c(=O)nc(-c3cc(S(=O)(=O)N4CC[NH+](CC)CC4)ccc3OCC)[nH]n12,0,ClinTox
CCCc1nc(C(C)(C)O)c(C(=O)OCc2oc(=O)oc2C)n1Cc1ccc(-c2ccccc2-c2nn[n-]n2)cc1,0,ClinTox
[H]/[NH+]=C(\N)c1ccc(OCCCCCOc2ccc(/C(N)=[NH+]/[H])cc2)cc1,0,ClinTox
O=C([O-])C(O)C(O)C(=O)[O-],0,ClinTox
CC[NH+](CC)CCOC(=O)c1ccc(N)cc1,0,ClinTox
C[NH+](C)CC(c1ccc(O)cc1)C1(O)CCCCC1,0,ClinTox
CC1(C)C(C=C(Cl)Cl)C1C(=O)OCc1cccc(Oc2ccccc2)c1,0,ClinTox+DILI_TDC
CC(C)CN(C[C@@H](OP(=O)([O-])[O-])[C@H](Cc1ccccc1)NC(=O)O[C@H]1CCOC1)S(=O)(=O)c1ccc(N)cc1,0,ClinTox
O=N[O-],0,ClinTox
N#Cc1ccc(C(c2ccc(C#N)cc2)n2cncn2)cc1,1,ClinTox+DILI_TDC
O=C(c1ccccc1)c1ccc2n1CCC2C(=O)[O-],0,ClinTox
CC(=O)/N=c1\sc(S(N)(=O)=O)nn1C,0,ClinTox
COc1ccc(-c2ccc3cc(C(=O)[O-])ccc3c2)cc1C12CC3CC(CC(C3)C1)C2,0,ClinTox
C[NH+]1C[C@H](C(=O)N[C@]2(C)O[C@@]3(O)[C@@H]4CCCN4C(=O)[C@H](Cc4ccccc4)N3C2=O)C=C2c3cccc4[nH]cc(c34)C[C@H]21,0,ClinTox
Cn1c(CCCC(=O)[O-])nc2cc(N(CCCl)CCCl)ccc21,0,ClinTox
Cc1onc(-c2c(Cl)cccc2Cl)c1C(=O)N[C@@H]1C(=O)N2[C@@H]1SC(C)(C)[C@@H]2C(=O)[O-],0,ClinTox
C[C@]12CC[C@@H]3c4ccc(O)cc4CC[C@H]3[C@@H]1CCC2=O,0,ClinTox
C[C@H](CCC(=O)[O-])[C@H]1CC[C@H]2[C@@H]3[C@@H](O)C[C@@H]4C[C@H](O)CC[C@]4(C)[C@H]3CC[C@]12C,0,ClinTox
CCN1CCN(C(=O)N[C@@H](C(=O)N[C@@H]2C(=O)N3[C@@H]2SC(C)(C)[C@@H]3C(=O)[O-])c2ccccc2)C(=O)C1=O,0,ClinTox
NC1CCCCC1N.O=C([O-])C(=O)[O-].[Pt+2],1,DILI_TDC
CO[C@@]12[C@H](COC(N)=O)C3=C(C(=O)C(C)=C(N)C3=O)N1C[C@@H]1N[C@@H]12,1,ClinTox
NS(=O)(=O)c1cc(C(=O)O)c(NCc2ccco2)cc1Cl,1,DILI_TDC
C#C[C@]1(O)CC[C@H]2[C@@H]3CCC4=Cc5oncc5C[C@]4(C)[C@H]3CC[C@@]21C,0,ClinTox
C[NH2+]CC(O)c1ccc(OC(=O)C(C)(C)C)c(OC(=O)C(C)(C)C)c1,0,ClinTox
C[NH+]1[C@@H]2CC[C@@H]1CC(OC(c1ccccc1)c1ccccc1)C2,0,ClinTox
CC(=O)[O-],0,ClinTox
CCN(CC)C(=O)N1CC[NH+](C)CC1,0,ClinTox
CN1CC[NH+](CCCN2c3ccccc3Sc3ccc(Cl)cc32)CC1,0,ClinTox
O=C([O-])CCCO,0,ClinTox
CN1CCC(Nc2ncc3ncnc(Nc4ccc(F)c(Cl)c4)c3n2)CC1,1,DILI_TDC
N[C@@H]1CCCC[C@H]1[NH3+],0,ClinTox
CC(C)[NH2+]CC(O)COc1ccc(CC(N)=O)cc1,0,ClinTox
Nc1ccc(C(=O)Oc2ccccc2)c(O)c1,0,ClinTox
COc1ccc2c(c1)c(CC(=O)[O-])c(C)n2C(=O)c1ccc(Cl)cc1,0,ClinTox
CC(=O)OCC(=O)[C@H]1CC[C@H]2[C@@H]3CCC4=CC(=O)CC[C@]4(C)[C@H]3CC[C@]12C,0,ClinTox
Clc1cc(Cl)c(OCC#CI)cc1Cl,0,ClinTox
CC(N)(Cc1ccc(O)cc1)C(=O)O,0,DILI_TDC
COc1ccc2c3c1O[C@H]1[C@@H](O)CC[C@H]4[C@@H](C2)[NH+](C)CC[C@@]341,0,ClinTox
CCCCCC(O)C=CC1C(O)CC(=O)C1CCCCCCC(=O)O,0,DILI_TDC
NCC1OC(OC2C(N)CC(N)C(OC3OC(CO)C(O)C(N)C3O)C2O)C(O)C(O)C1O,0,DILI_TDC
CC(=O)O[C@]1(C(C)=O)CC[C@H]2[C@@H]3C=C(C)C4=CC(=O)CC[C@]4(C)[C@H]3CC[C@@]21C,0,ClinTox
Cn1nc(C(=O)NC2CC3CCCC(C2)[NH+]3C)c2ccccc21,0,ClinTox
CC#CCn1c(N2CCC[C@@H]([NH3+])C2)nc2c1c(=O)n(Cc1nc(C)c3ccccc3n1)c(=O)n2C,0,ClinTox
C[N+](C)(C)CCCCCCCCCC[N+](C)(C)C,0,ClinTox
CCN(CC)c1ccc(C(=C2C=CC(=[N+](CC)CC)C=C2)c2cc(S(=O)(=O)[O-])ccc2S(=O)(=O)[O-])cc1,0,ClinTox
Nc1ccc(S(=O)(=O)c2ccc(N)cc2)cc1,1,ClinTox+DILI_TDC
CCOC(=O)O[C@]1(C(=O)OCCl)CC[C@H]2[C@@H]3CCC4=CC(=O)C=C[C@]4(C)[C@H]3[C@@H](O)C[C@@]21C,0,ClinTox
COC(F)(F)C(Cl)Cl,0,ClinTox
CC1(C)SC(C(NC(=O)Cc2ccccc2)C(=O)NCCCCCC(=O)[O-])[NH2+]C1C(=O)[O-],0,ClinTox
CN1C(=O)CN=C(c2ccccc2)c2cc(Cl)ccc21,0,ClinTox
O=C(N[C@H](CO)[C@H](O)c1ccc([N+](=O)[O-])cc1)[C-](Cl)Cl,0,ClinTox
CC(C)(C)[NH2+]CC(O)c1ccc(O)c(CO)c1,0,ClinTox
CC(=O)Oc1ccccc1C(=O)[O-],0,ClinTox
C[NH+]1CCC[C@@H]1Cc1c[nH]c2ccc(CCS(=O)(=O)c3ccccc3)cc12,0,ClinTox
O=C([O-])C1=C(CSc2nnnn2CS(=O)(=O)[O-])CS[C@@H]2[C@H](NC(=O)[C@H](O)c3ccccc3)C(=O)N12,0,ClinTox
CCCC[NH+]1CCCC[C@H]1C(=O)Nc1c(C)cccc1C,0,ClinTox
COc1ccc(CC2c3cc(OC)c(OC)cc3CC[N+]2(C)CCC(=O)OCCCCCOC(=O)CC[N+]2(C)CCc3cc(OC)c(OC)cc3C2Cc2ccc(OC)c(OC)c2)cc1OC,0,ClinTox
Cc1nc2n(c(=O)c1CCN1CCC(c3noc4cc(F)ccc34)CC1)CCCC2,1,ClinTox+DILI_TDC
COc1ccc(Cl)cc1C(=O)NCCc1ccc(S(=O)(=O)[N-]C(=O)NC2CCCCC2)cc1,0,ClinTox
OCCOCC[NH+]1CCN(C(c2ccccc2)c2ccc(Cl)cc2)CC1,0,ClinTox
Nc1ccn([C@H]2CC[C@@H](CO)O2)c(=O)n1,0,ClinTox
CCC(=C(c1ccccc1)c1ccc(OCCN(C)C)cc1)c1ccccc1,1,DILI_TDC
C[C@H](O)[C@H](O)[C@H]1CNc2[nH]c(N)nc(=O)c2N1,0,ClinTox
CNC(=O)Oc1ccc2c(c1)C1(C)CCN(C)C1N2C,0,DILI_TDC
CC(C)OC(=O)CCC/C=C\C[C@@H]1[C@@H](/C=C/[C@@H](O)COc2cccc(C(F)(F)F)c2)[C@H](O)C[C@@H]1O,0,ClinTox
C#C[C@]1(O)CC[C@H]2[C@@H]3CCc4cc(O)ccc4[C@H]3CC[C@@]21C,0,ClinTox
CC(=O)O[C@H]1CC[C@@]2(C)C(=CC[C@@H]3[C@@H]2CC[C@]2(C)C(c4cccnc4)=CC[C@@H]32)C1,1,ClinTox
Cc1ccc(NC(=O)c2ccc(CN3CC[NH+](C)CC3)cc2)cc1Nc1nccc(-c2cccnc2)n1,0,ClinTox
CCOC(=O)C1(c2ccccc2)CC[NH+](CCC(C#N)(c2ccccc2)c2ccccc2)CC1,0,ClinTox
CC(=O)OCC(CCn1cnc2cnc(N)nc21)COC(C)=O,0,ClinTox
C[NH+](C)CCOc1ccc(/C(=C(/CCCl)c2ccccc2)c2ccccc2)cc1,0,ClinTox
O=NN(CCCl)C(=O)NC1CCCCC1,0,ClinTox
CO[C@H]1C[C@H](O[C@H]2[C@H](C)[C@@H](O[C@@H]3O[C@H](C)C[C@H]([NH+](C)C)[C@H]3OC(C)=O)[C@@H](C)C[C@@]3(CO3)C(=O)[C@H](C)[C@@H](OC(C)=O)[C@@H](C)[C@@H](C)OC(=O)[C@@H]2C)O[C@@H](C)[C@@H]1OC(C)=O,0,ClinTox
C[C@@H](O)[C@H]1C(=O)N2C(C(=O)[O-])=C(S[C@@H]3C[NH2+][C@H](CNS(N)(=O)=O)C3)[C@H](C)[C@H]12,0,ClinTox
C=CCC1(CC(C)C)C(=O)NC(=O)NC1=O,0,ClinTox
COc1cccc(OC)c1C(=O)N[C@@H]1C(=O)N2[C@@H]1SC(C)(C)[C@@H]2C(=O)[O-],0,ClinTox
C[C@H](/C=C/[C@H](C)C(C)(C)O)[C@H]1CC[C@H]2/C(=C/C=C3C[C@@H](O)C[C@H](O)C3)CCC[C@]12C,0,ClinTox
CC(C)c1c(C(=O)Nc2ccccc2)c(-c2ccccc2)c(-c2ccc(F)cc2)n1CCC(O)CC(O)CC(=O)O,1,DILI_TDC
NCCC(O)(P(=O)(O)O)P(=O)(O)O,0,DILI_TDC
O=c1n(CCC[NH+]2CCN(c3cccc(Cl)c3)CC2)nc2ccccn12,0,ClinTox
CC(C(=O)[O-])c1ccc(C(=O)c2cccs2)cc1,0,ClinTox
C/[NH+]=C1/CN([O-])C(c2ccccc2)=c2cc(Cl)ccc2=N1,0,ClinTox
CN1CCCC1CCOC(C)(c1ccccc1)c1ccc(Cl)cc1,0,DILI_TDC
CN1c2c([nH]c(N)nc2=O)NC[C@@H]1CNc1ccc(C(=O)N[C@@H](CCC(=O)[O-])C(=O)[O-])cc1,0,ClinTox
C[C@H]([NH3+])[C@H](O)c1ccc(O)c(O)c1,0,ClinTox
[NH3+][C@@H](CCC(=O)N[C@@H](CSSC[C@H](NC(=O)CC[C@H]([NH3+])C(=O)[O-])C(=O)NCC(=O)[O-])C(=O)NCC(=O)[O-])C(=O)[O-],0,ClinTox
COC(=O)[C@H]1[C@H]2C[C@@H]3c4[nH]c5cc(OC)ccc5c4CC[NH+]3C[C@H]2C[C@@H](OC(=O)/C=C/c2cc(OC)c(OC)c(OC)c2)[C@@H]1OC,0,ClinTox
CC[NH+](CC)CCNC(=O)c1ccc(N)cc1,0,ClinTox
CC[NH+](CC)CCCC(C)Nc1cc[nH+]c2cc(Cl)ccc12,0,ClinTox
O=C(O)c1cn(C2CC2)c2cc(N3CCNCC3)c(F)cc2c1=O,1,DILI_TDC
OC(CCN1CCCC1)(c1ccccc1)C1CCCCC1,0,DILI_TDC
CC(=O)OCC1=C(C(=O)O)N2C(=O)C(NC(=O)Cc3cccs3)C2SC1,1,DILI_TDC
[NH3+][C@@H]1CONC1=O,0,ClinTox
CCCC(C)(COC(N)=O)COC(N)=O,0,ClinTox
O=C1CCc2ccc(OCCCCN3CCN(c4cccc(Cl)c4Cl)CC3)cc2N1,1,ClinTox
CCCC[NH+](CCCC)CC(O)c1cc(Cl)cc2c1-c1ccc(Cl)cc1/C2=C/c1ccc(Cl)cc1,0,ClinTox
Nc1ccc(C(=O)NCC(=O)[O-])cc1,0,ClinTox
C[C@]12CCC3=C4CCC(=O)C=C4CC[C@H]3[C@@H]1CC[C@@]2(O)CC#N,0,ClinTox
Cc1ccc(C(=O)c2ccc(CC(=O)[O-])n2C)cc1,0,ClinTox
CCN(Cc1ccncc1)C(=O)C(CO)c1ccccc1,0,ClinTox
Cc1cc(O)c(C(=O)N[C@@H](C(=O)N[C@@H]2C(=O)N3C(C(=O)[O-])=C(CSc4nnnn4C)CS[C@H]23)c2ccc(O)cc2)cn1,0,ClinTox
O=C1CN(/N=C/c2ccc(-c3ccc([N+](=O)[O-])cc3)o2)C(=O)N1,0,ClinTox
Cc1cc(C(C)(C)C)c(O)c(C)c1CC1=[NH+]CCN1,0,ClinTox
CC[NH+](CC)C(C)CN1c2ccccc2Sc2ccccc21,0,ClinTox
C[C@]12C=CC(=O)C=C1CC[C@H]1[C@@H]3C[C@@H](O)[C@](O)(C(=O)CO)[C@@]3(C)C[C@H](O)[C@@]12F,0,ClinTox
CCCSc1ccc2[nH]c(NC(=O)OC)nc2c1,0,ClinTox
C[C@]12CC[C@H]3[C@@H](CCC4=CC(=O)CC[C@@H]43)[C@@H]1CC[C@@H]2OC(=O)CCc1ccccc1,0,ClinTox
COc1ccc2cc1Oc1cc3c(cc1OC)CC[N+](C)(C)[C@H]3Cc1ccc(cc1)Oc1c(OC)c(OC)cc3c1[C@@H](C2)[N+](C)(C)CC3,0,ClinTox
[NH3+]CCC[NH2+]CCSP(=O)([O-])[O-],0,ClinTox
C=C1CCC(O)CC1=CC=C1CCCC2(C)C1CCC2C(C)CCCC(C)C,0,DILI_TDC
CC(C=CC1=C(C)CCCC1(C)C)=CC=CC(C)=CCO,0,DILI_TDC
CC(C)C[C@H](NC(=O)CNC(=O)[C@H](Cc1ccc(O)cc1)NC(=O)[C@H](CO)NC(=O)[C@H](Cc1c[nH]c2ccccc12)NC(=O)[C@H](Cc1c[nH]cn1)NC(=O)[C@@H]1CCC(=O)N1)C(=O)N[C@@H](CCCNC(N)=[NH2+])C(=O)N1CCC[C@H]1C(=O)NCC(N)=O,0,ClinTox
CO/N=C(\C(=O)N[C@@H]1C(=O)N2C(C(=O)[O-])=C(COC(N)=O)CS[C@H]12)c1ccco1,0,ClinTox
COC(=O)C1=C(C)NC(C)=C(C(=O)OCCN(C)Cc2ccccc2)C1c1cccc([N+](=O)[O-])c1,1,DILI_TDC
CC(C)[C@H](N)C(=O)OCCOCn1cnc2c(=O)nc(N)[nH]c21,1,ClinTox
CCN(CC)C(=O)[C@]1(c2ccccc2)C[C@@H]1C[NH3+],0,ClinTox
CC(C)(C)c1ccc(C[NH+]2CCN(C(c3ccccc3)c3ccc(Cl)cc3)CC2)cc1,0,ClinTox
C=C1C[C@@H]2CC[C@@]34C[C@H]5O[C@H]6[C@@H](O3)[C@H]3O[C@H](CC[C@@H]3O[C@H]6[C@H]5O4)CC(=O)C[C@@H]3[C@@H](OC)[C@@H](C[C@H](O)CN)O[C@H]3C[C@H]3O[C@@H](CC[C@@H]1O2)C[C@@H](C)C3=C,1,ClinTox
Clc1ccc(Nc2nnc(Cc3ccncc3)c3ccccc23)cc1,1,ClinTox
CC(C)(N)CO.Cn1c(=O)c2[nH]c(Br)nc2n(C)c1=O,0,DILI_TDC
O=C(/C=C/c1cccc(S(=O)(=O)Nc2ccccc2)c1)NO,1,ClinTox
COc1ccc2c3c1OC1C(O)C=CC4C(C2)N(C)CCC341,0,DILI_TDC
CC(C)[C@@H](CN1CC[C@@](C)(c2cccc(O)c2)[C@@H](C)C1)NC(=O)[C@H]1Cc2ccc(O)cc2CN1,1,ClinTox
O=C([O-])CCc1nc(-c2ccccc2)c(-c2ccccc2)o1,0,ClinTox
CN1CCC(=C2c3ccccc3C=Cc3ccccc32)CC1,1,DILI_TDC
CC(=O)N1CCN(c2ccc(OCC3COC(Cn4ccnc4)(c4ccc(Cl)cc4Cl)O3)cc2)CC1,1,DILI_TDC
C[C@]12C/C(=C/[O-])C(=O)C[C@@H]1CC[C@@H]1[C@@H]2CC[C@@]2(C)[C@H]1CC[C@]2(C)O,0,ClinTox
NC(=O)c1cn(Cc2c(F)cccc2F)nn1,0,ClinTox
CN(CCOc1ccc(CC2SC(=O)NC2=O)cc1)c1ccccn1,1,ClinTox+DILI_TDC
O=C([O-])CC(O)(CC(=O)[O-])C(=O)[O-],0,ClinTox
CC(CN1c2ccccc2CCc2ccccc21)C[NH+](C)C,0,ClinTox
CC[C@H]1OC(=O)[C@H](C)[C@@H](O[C@H]2C[C@@](C)(OC)[C@@H](O)[C@H](C)O2)[C@H](C)[C@@H](O[C@@H]2O[C@H](C)C[C@H]([NH+](C)C)[C@H]2O)[C@](C)(O)C[C@@H](C)C(=O)[C@H](C)[C@@H](O)[C@]1(C)O,0,ClinTox
Cc1onc(-c2ccccc2)c1-c1ccc(S(N)(=O)=O)cc1,0,ClinTox
O=C1C([O-])=C([C@H]2CC[C@H](c3ccc(Cl)cc3)CC2)C(=O)c2ccccc21,0,ClinTox
Nc1ccc(S(N)(=O)=O)cc1,1,ClinTox+DILI_TDC
CC[N+](C)(C)Cc1ccccc1Br,0,ClinTox
C[NH+](C)[C@@H]1C([O-])=C(C(N)=O)C(=O)[C@@]2(O)C([O-])=C3C(=O)c4c([O-])cccc4[C@@](C)(O)[C@H]3C[C@@H]12,0,ClinTox
Cc1ccsc1C(=CCC[NH+]1CCC[C@@H](C(=O)[O-])C1)c1sccc1C,0,ClinTox
Cc1c(N)nc([C@H](CC(N)=O)[NH2+]C[C@H](N)C(N)=O)nc1C(=O)N[C@H](C(=O)N[C@H](C)[C@@H](O)[C@H](C)C(=O)N[C@H](C(=O)NCCc1nc(-c2nc(C(=O)NCCC[S+](C)C)cs2)cs1)[C@@H](C)O)[C@@H](O[C@@H]1O[C@@H](CO)[C@@H](O)[C@H](O)[C@@H]1O[C@H]1O[C@H](CO)[C@@H](O)[C@H](OC(N)=O)[C@@H]1O)c1c[nH]cn1,0,ClinTox
CCCC(C)C1(CC)C(=O)NC(=O)NC1=O,0,ClinTox
CC(=O)Oc1cc(C(C)C)c(OCCN(C)C)cc1C,1,DILI_TDC
CCCCCNC(=[NH2+])N/N=C/c1c[nH]c2ccc(OC)cc12,0,ClinTox
C[C@H](OC(=O)c1ccccc1)C1=CCC23OCC[NH+](C)CC12C[C@@H](O)C12O[C@@]4(O)CC[C@@]1(C)[C@H](CC=C32)C4,0,ClinTox
Nc1ccn(C2CCC(CO)O2)c(=O)n1,1,DILI_TDC
CCCCOc1ccc(C(=O)CC[NH+]2CCCCC2)cc1,0,ClinTox
[Se],1,ClinTox
CC1(C)C[C@@H]1C(=O)N/C(=C\CCCCSC[C@H]([NH3+])C(=O)[O-])C(=O)[O-],0,ClinTox
C[NH+]1CCN2c3ncccc3Cc3ccccc3C2C1,0,ClinTox
NC(N)=[NH+]CCN1CCCCCCC1,0,ClinTox
CC1CN(c2cc3c(cc2F)c(=O)c(C(=O)O)cn3-c2ccc(F)cc2F)CCN1,1,DILI_TDC
CC(=O)S[C@@H]1CC2=CC(=O)CC[C@]2(C)[C@H]2CC[C@@]3(C)[C@@H](CC[C@@]34CCC(=O)O4)[C@H]12,0,ClinTox
C[N+](C)(C)CCOC(N)=O,0,ClinTox
CCCCCCCC(=O)CC[C@@H]1[C@@H](C/C=C\CCCC(=O)OC(C)C)[C@@H](O)C[C@H]1O,0,ClinTox
Nc1nc(F)nc2c1ncn2[C@@H]1O[C@H](CO)[C@@H](O)[C@@H]1O,1,ClinTox
COc1ccccc1OCC(O)COC(N)=O,0,ClinTox
CC(C)(C)NC(=O)[C@@H]1CN(Cc2cccnc2)CC[NH+]1C[C@@H](O)C[C@@H](Cc1ccccc1)C(=O)N[C@H]1c2ccccc2C[C@H]1O,0,ClinTox
CCOC(Nc1ccc(C(=O)O)cc1)C(=O)c1ccc(-c2ccccc2)cc1,1,DILI_TDC
CS(=O)(=O)O.Nc1ncnc2c1ncn2CCOC[P@@]1(=O)OCC[C@@H](c2cccc(Cl)c2)O1,1,ClinTox
C[C@@H]1C[C@H]2[C@@H]3CCC4=CC(=O)C=C[C@]4(C)[C@@]3(F)[C@@H](O)C[C@]2(C)[C@@]1(O)C(=O)CO,1,ClinTox
O=C(O)CCc1nc(-c2ccccc2)c(-c2ccccc2)o1,1,DILI_TDC
Oc1ccc(OCc2ccccc2)cc1,0,ClinTox
CCN(CC)CCOc1cccc(OCCN(CC)CC)c1OCCN(CC)CC,0,DILI_TDC
O=C1CN(N=Cc2ccc(-c3ccc([N+](=O)[O-])cc3)o2)C(=O)N1,1,DILI_TDC
Cc1ccc(S(=O)(=O)NC(=O)NN2CCCCCC2)cc1,1,DILI_TDC
O=C([O-])CCCC[C@@H]1SC[C@@H]2NC(=O)N[C@@H]21,0,ClinTox
CN1CCN(C(c2ccccc2)c2ccccc2)CC1,0,DILI_TDC
Nc1ncn([C@H]2C[C@H](O)[C@@H](CO)O2)c(=O)n1,1,ClinTox
C=C/C=C/CC1=C(C)[C@@H](OC(=O)[C@@H]2[C@@H](C=C(C)C)C2(C)C)CC1=O,0,ClinTox
CN(C(=O)CC(=O)N(C)c1c(I)c(C(=O)NC(CO)C(O)CO)c(I)c(C(=O)NC(CO)C(O)CO)c1I)c1c(I)c(C(=O)NC(CO)C(O)CO)c(I)c(C(=O)NC(CO)C(O)CO)c1I,0,ClinTox
COC(=O)C1=C(C)NC(C)=C(C(=O)OC)C1c1ccccc1[N+](=O)[O-],1,ClinTox+DILI_TDC
CO[C@H]1C[C@@H]2CC[C@@H](C)[C@@](O)(O2)C(=O)C(=O)N2CCCC[C@H]2C(=O)O[C@H]([C@H](C)C[C@@H]2CC[C@@H](O)[C@H](OC)C2)CC(=O)[C@H](C)/C=C(\C)[C@@H](O)[C@@H](OC)C(=O)[C@H](C)C[C@H](C)/C=C/C=C/C=C/1C,0,ClinTox
[NH3+][C@@H](Cc1ccc(O)c(O)c1)C(=O)[O-],0,ClinTox
CN1C(=O)CC(c2ccccc2)C1=O,0,ClinTox
C[C@H]([NH2+]CCc1ccc(O)cc1)[C@H](O)c1ccc(O)cc1,0,ClinTox
CCOc1nc2cccc(C(=O)OCc3oc(=O)oc3C)c2n1Cc1ccc(-c2ccccc2-c2nc(=O)o[nH]2)cc1,0,ClinTox
C=C1/C(=C\C=C2/CCC[C@]3(C)[C@@H]([C@H](C)CCCC(C)(C)O)CC[C@@H]23)C[C@@H](O)C[C@@H]1O,1,ClinTox
CCCC(C)C1(CC)C(=O)NC(=S)NC1=O,0,ClinTox
CC1(C)S[C@@H]2[C@H](N3C(=O)[C@@H](c4ccccc4)[NH2+]C3(C)C)C(=O)N2[C@H]1C(=O)[O-],0,ClinTox
CNC1CCC(c2ccc(Cl)c(Cl)c2)c2ccccc21,0,DILI_TDC
C=C(c1ccc(C(=O)[O-])cc1)c1cc2c(cc1C)C(C)(C)CCC2(C)C,0,ClinTox
S=P(N1CC1)(N1CC1)N1CC1,0,ClinTox
Nc1nc(F)nc2c1ncn2[C@@H]1O[C@H](COP(=O)(O)O)[C@@H](O)[C@@H]1O,1,ClinTox
CCOC(=O)CCCCCCCCC(C)c1ccccc1I,0,ClinTox
CC(=O)N[C@H](Cc1ccc2ccccc2c1)C(=O)N[C@H](Cc1ccc(Cl)cc1)C(=O)N[C@H](Cc1cccnc1)C(=O)N[C@@H](CO)C(=O)N[C@@H](Cc1ccc(NC(=O)[C@@H]2CC(=O)NC(=O)N2)cc1)C(=O)N[C@H](Cc1ccc(NC(N)=O)cc1)C(=O)N[C@@H](CC(C)C)C(=O)N[C@@H](CCCC[NH2+]C(C)C)C(=O)N1CCC[C@H]1C(=O)N[C@H](C)C(N)=O,0,ClinTox
CN/C(=C\[N+](=O)[O-])[NH2+]CCSCc1csc(C[NH+](C)C)n1,0,ClinTox
O=C(O)C1=CC(=NNc2ccc(S(=O)(=O)Nc3ccccn3)cc2)C=CC1=O,1,DILI_TDC
CN1CCN(C(c2ccccc2)c2ccc(Cl)cc2)CC1,0,DILI_TDC
CCCSc1nc(N[C@@H]2C[C@H]2c2ccc(F)c(F)c2)c2nnn([C@@H]3C[C@H](OCCO)[C@@H](O)[C@H]3O)c2n1,0,ClinTox
CCn1cc(C(=O)O)c(=O)c2ccc(C)nc21,1,DILI_TDC
CC1(C)O[C@@H]2C[C@H]3[C@@H]4C[C@H](F)C5=CC(=O)C=C[C@]5(C)[C@H]4[C@@H](O)C[C@]3(C)[C@]2(C(=O)CO)O1,0,ClinTox
CC1(C)S[C@@H]2[C@H](NC(=O)[C@H]([NH3+])c3ccc(O)cc3)C(=O)N2[C@H]1C(=O)[O-],0,ClinTox
COCCc1ccc(OCC(O)C[NH2+]C(C)C)cc1,0,ClinTox
Cc1cc2nc3c(=O)[nH]c(=O)nc-3n(C[C@H](O)[C@H](O)[C@H](O)CO)c2cc1C,0,ClinTox
CC(=O)N1CCN(c2ccc(OC[C@H]3CO[C@](Cn4ccnc4)(c4ccc(Cl)cc4Cl)O3)cc2)CC1,1,ClinTox
CNCC(O)c1ccc(O)c(O)c1,0,DILI_TDC
CC(C)[NH2+]CC(O)c1ccc(NS(C)(=O)=O)cc1,0,ClinTox
CN(C)/C=[NH+]/c1c(I)cc(I)c(CCC(=O)[O-])c1I,0,ClinTox
CC(COc1ccccc1)NC(C)C(O)c1ccc(O)cc1,0,DILI_TDC
CCCc1nc2c(C)cc(-c3nc4ccccc4n3C)cc2n1Cc1ccc(-c2ccccc2C(=O)[O-])cc1,0,ClinTox
O=C(Nc1c(Cl)cncc1Cl)c1ccc(OC(F)F)c(OCC2CC2)c1,0,ClinTox
CC#CCC(C)[C@H](O)/C=C/[C@@H]1[C@H]2C/C(=C/CCCC(=O)[O-])C[C@H]2C[C@H]1O,0,ClinTox
CC1(C)O[C@@H]2C[C@H]3[C@@H]4CCC5=CC(=O)C=C[C@]5(C)[C@H]4[C@@H](O)C[C@]3(C)[C@]2(C(=O)CO)O1,0,ClinTox
Cc1cc(C)c(/C=C2\C(=O)Nc3ccccc32)[nH]1,0,ClinTox
CC(C)OC(=O)OCOP(=O)(CO[C@H](C)Cn1cnc2c(N)ncnc21)OCOC(=O)OC(C)C,0,ClinTox
Nc1nc(=O)c2c([nH]1)NCC(CNc1ccc(C(=O)N[C@@H](CCC(=O)[O-])C(=O)[O-])cc1)N2C=O.[Ca+2],1,ClinTox
Cc1nc([N+](=O)[O-])cn1-c1ccc([N+](=O)[O-])cc1,1,DILI_TDC
Nc1nnc(-c2cccc(Cl)c2Cl)c(N)n1,0,ClinTox
NC(=O)[C@@H]1CCCN1C(=O)[C@H](Cc1cnc[nH]1)NC(=O)[C@@H]1CCC(=O)N1,0,ClinTox
C[C@H]([NH3+])Cc1ccccc1,0,ClinTox
Cc1nc(-c2ccc(OCC(C)C)c(C#N)c2)sc1C(=O)[O-],0,ClinTox
COc1cc(C)c(/C=C/C(C)=C/C=C/C(C)=C/C(=O)[O-])c(C)c1C,0,ClinTox
NS(=O)(=O)c1cc(C2(O)NC(=O)c3ccccc32)ccc1Cl,0,ClinTox
CC(CCc1ccccc1)[NH2+]CC(O)c1ccc(O)c(C(N)=O)c1,0,ClinTox
NNCCc1ccccc1,0,ClinTox+DILI_TDC
C[N+](C)(C)CCOC(=O)CCC(=O)OCC[N+](C)(C)C,0,ClinTox+DILI_TDC
C[NH+]1CCN(C(=O)O[C@H]2c3nccnc3C(=O)N2c2ccc(Cl)cn2)CC1,0,ClinTox
NC(N)=NC(=O)c1nc(Cl)c(N)nc1N,1,DILI_TDC
CC1COc2c(N3CC[NH+](C)CC3)c(F)cc3c(=O)c(C(=O)[O-])cn1c23,0,ClinTox
CCOC(=O)C1(c2ccccc2)CC[NH+](C)CC1,0,ClinTox
CNC(C)C(O)c1ccccc1,0,DILI_TDC
Nc1nc(Cl)nc2c1ncn2[C@H]1C[C@H](O)[C@@H](CO)O1,0,ClinTox
CCOC(=O)[C@H](CCc1ccccc1)[NH2+][C@H]1CCc2ccccc2N(CC(=O)[O-])C1=O,0,ClinTox
COc1cc([C@@H]2c3cc4c(cc3[C@@H](O[C@@H]3O[C@@H]5CO[C@@H](C)O[C@H]5[C@H](O)[C@H]3O)[C@H]3COC(=O)[C@H]23)OCO4)cc(OC)c1O,1,ClinTox
C=CC([NH3+])CCC(=O)[O-],0,ClinTox
CC([NH3+])Cc1ccc(O)cc1,0,ClinTox
CC(C)(C)[NH2+]C[C@H](O)COc1ccccc1C1CCCC1,0,ClinTox
COc1c(N2CC[NH2+]C(C)C2)c(F)cc2c(=O)c(C(=O)[O-])cn(C3CC3)c12,0,ClinTox
CCCCCCCCCCNCC[NH2+][C@@]1(C)C[C@H](O[C@H]2[C@H](Oc3c4cc5cc3Oc3ccc(cc3Cl)[C@@H](O)[C@@H](NC(=O)[C@@H](CC(C)C)[NH2+]C)C(=O)N[C@@H](CC(N)=O)C(=O)N[C@H]5C(=O)N[C@H]3C(=O)N[C@H](C(=O)N[C@H](C(=O)[O-])c5cc(O)c(C[NH2+]CP(=O)([O-])[O-])c(O)c5-c5cc3ccc5O)[C@H](O)c3ccc(c(Cl)c3)O4)O[C@H](CO)[C@@H](O)[C@@H]2O)O[C@@H](C)[C@H]1O,0,ClinTox
CN1c2ccccc2C(NCCCCCCC(=O)O)c2ccc(Cl)cc2S1(=O)=O,1,DILI_TDC
CC1(C)O[C@@H]2C[C@H]3[C@@H]4C[C@H](F)C5=CC(=O)CC[C@]5(C)[C@H]4[C@@H](O)C[C@]3(C)[C@]2(C(=O)CO)O1,0,ClinTox
NC(N)=NCCCC(N)C(=O)O,0,DILI_TDC
C=CC[N+]1([C@H]2C[C@H]3[C@@H]4CC[C@H]5C[C@H](OC(C)=O)[C@@H]([NH+]6CCCCC6)C[C@]5(C)[C@H]4CC[C@]3(C)[C@H]2OC(=O)CC)CCCCC1,0,ClinTox
CC12CCC(=O)C=C1CCC1C2C(O)CC2(C)C1CCC2(O)C(=O)CO,0,DILI_TDC
CCN(CC)C(=S)SSC(=S)N(CC)CC,1,ClinTox+DILI_TDC
OC(CCC[NH+]1CCCCC1)(c1ccccc1)c1ccccc1,0,ClinTox
CO[Si](C)(C)O[Si](C)(C)C,0,ClinTox
CCC(=O)C(CC(C)[NH+](C)C)(c1ccccc1)c1ccccc1,0,ClinTox
O=C([O-])CN(CCN(CC(=O)[O-])C(COCc1ccccc1)C(=O)[O-])CC[NH+](CC(=O)[O-])CC(=O)[O-],0,ClinTox
c1cnc2cc3c(cc2n1)[C@@H]1C[NH2+]C[C@H]3C1,0,ClinTox
CCC[NH2+][C@H]1CCc2nc(N)sc2C1,0,ClinTox
CS(=O)(=O)CCNCc1ccc(-c2ccc3ncnc(Nc4ccc(OCc5cccc(F)c5)c(Cl)c4)c3c2)o1,1,ClinTox+DILI_TDC
C=CC[NH+]1CC[C@]23c4c5ccc(O)c4O[C@H]2C(=O)CC[C@@]3(O)[C@H]1C5,0,ClinTox
CC(C)(C)CC(C)(C)c1ccc(O)cc1,0,ClinTox
CN1C(CSCC(F)(F)F)Nc2cc(Cl)c(S(N)(=O)=O)cc2S1(=O)=O,0,ClinTox
NCC1(CC(=O)O)CCCCC1,0,DILI_TDC
COc1ccccc1Oc1c([N-]S(=O)(=O)c2ccc(C(C)(C)C)cc2)nc(-c2ncccn2)nc1OCCO,0,ClinTox
CC(C)OP(=O)(F)OC(C)C,0,ClinTox
[NH2+]=C(NCCCCCCNC(=[NH2+])NC(=[NH2+])Nc1ccc(Cl)cc1)NC(=[NH2+])Nc1ccc(Cl)cc1,0,ClinTox
O=c1[nH]c(=O)n(C2CC(O)C(CO)O2)cc1F,1,DILI_TDC
Cc1ccc(-c2nc3ccc(C)cn3c2CC(=O)N(C)C)cc1,0,ClinTox
CN1C2CCC1CC(OC(c1ccccc1)c1ccccc1)C2,0,DILI_TDC
Nc1nc(=O)c2c(CCc3ccc(C(=O)N[C@@H](CCC(=O)[O-])C(=O)[O-])cc3)c[nH]c2[nH]1,0,ClinTox
CC[C@@H](CO)NC(=O)[C@@H]1C=C2c3cccc4[nH]cc(c34)C[C@H]2[NH+](C)C1,0,ClinTox
Cl[Mn]Cl,0,ClinTox
CCNC(=O)[C@@H]1CCCN1C(=O)[C@H](CCCNC(N)=[NH2+])NC(=O)[C@H](CC(C)C)NC(=O)[C@@H](Cc1cn(Cc2ccccc2)cn1)NC(=O)[C@H](Cc1ccc(O)cc1)NC(=O)[C@H](CO)NC(=O)[C@H](Cc1c[nH]c2ccccc12)NC(=O)[C@H](Cc1cnc[nH]1)NC(=O)[C@@H]1CCC(=O)N1,0,ClinTox
[NH3+]C[C@@H]1O[C@H](O[C@H]2[C@@H](O)[C@H](O[C@@H]3[C@@H](O)[C@H]([NH3+])C[C@H]([NH3+])[C@H]3O[C@H]3O[C@H](C[NH3+])[C@@H](O)[C@H](O)[C@H]3[NH3+])O[C@@H]2CO)[C@H]([NH3+])[C@@H](O)[C@@H]1O,0,ClinTox
COc1cccc2c1C(=O)c1c(O)c3c(c(O)c1C2=O)C[C@@](O)(C(=O)CO)C[C@@H]3O[C@H]1C[C@H](N)[C@H](O)[C@H](C)O1.Cl,1,ClinTox
CCS(=O)(=O)CCn1c([N+](=O)[O-])cnc1C,0,ClinTox
CC(=O)O[C@H]1C[C@H](OC2[C@@H](O)C[C@H](O[C@H]3[C@@H](O)C[C@H](OC4CC[C@@]5(C)[C@H](CC[C@@H]6[C@@H]5CC[C@]5(C)[C@@H](C7=CC(=O)OC7)CC[C@]65O)C4)O[C@@H]3C)O[C@@H]2C)O[C@H](C)[C@H]1O,0,ClinTox
CCCCc1oc2ccc(NS(C)(=O)=O)cc2c1C(=O)c1ccc(OCCC[NH+](CCCC)CCCC)cc1,0,ClinTox
CN(Cc1cnc2nc(N)nc(N)c2n1)c1ccc(C(=O)N[C@@H](CCC(=O)[O-])C(=O)[O-])cc1,0,ClinTox
CCC1OC(=O)C(C)C(=O)C(C)C(OC2OC(C)CC(N(C)C)C2O)C(C)(OC)CC(C)C(=O)C(C)C2N(CCCCn3cnc(-c4cccnc4)c3)C(=O)OC12C,1,DILI_TDC
NC(N)=Nc1nc(CSCCN=CNS(=O)(=O)c2ccc(Br)cc2)cs1,1,DILI_TDC
C[NH+]1CCC(=C2c3ccccc3CCn3c(C=O)c[nH+]c32)CC1,0,ClinTox
CN1CCN(CCC=C2c3ccccc3Sc3ccc(S(=O)(=O)N(C)C)cc32)CC1,1,DILI_TDC
CC(/N=C(\NC#N)Nc1cc[nH+]cc1)C(C)(C)C,0,ClinTox
O=C(CCCN1CC=C(n2c(=O)[nH]c3ccccc32)CC1)c1ccc(F)cc1,0,DILI_TDC
C=CCC1(C(C)CC)C(=O)NC(=O)NC1=O,0,ClinTox
C[N+]1(C)C2CCC1CC(OC(=O)C(O)c1ccccc1)C2.[Br-],0,DILI_TDC
c1ccc2c(CC3=[NH+]CCN3)cccc2c1,0,ClinTox
CSCC[C@H](NC(=O)[C@H](Cc1c[nH]c2ccccc12)NC(=O)CNC(=O)[C@@H](NC(=O)[C@H](Cc1ccc(OS(=O)(=O)[O-])cc1)NC(=O)[C@H](CC(=O)[O-])NC(=O)[C@H](CCC(N)=O)NC(=O)[C@@H]1CCC(=O)N1)[C@@H](C)O)C(=O)N[C@@H](CC(=O)[O-])C(=O)N[C@@H](Cc1ccccc1)C(N)=O,0,ClinTox
C[N+]1(C)[C@@H]2CC(OC(=O)C(O)(c3cccs3)c3cccs3)C[C@H]1[C@@H]1O[C@@H]12,0,ClinTox
CC12CCC3C4CCC(=O)C=C4CCC3C1CCC2O,1,DILI_TDC
O=S(=O)(OC[C@H]1O[C@@H](O[C@]2(COS(=O)(=O)O[Al](O)O)O[C@H](OS(=O)(=O)O[Al](O)O)[C@@H](OS(=O)(=O)O[Al](O)O)[C@@H]2OS(=O)(=O)O[Al](O)O)[C@H](OS(=O)(=O)O[Al](O)O)[C@@H](OS(=O)(=O)O[Al](O)O)[C@@H]1OS(=O)(=O)O[Al](O)O)O[Al](O)O,0,ClinTox
C=C[C@H]1C[NH+]2CC[C@H]1C[C@@H]2[C@@H](O)c1ccnc2ccc(OC)cc12,0,ClinTox
C[C@H]1O[C@@H](O[C@H]2CC[C@@]3(C)[C@H](CC[C@@H]4[C@@H]3C[C@@H](O)[C@]3(C)[C@@H](C5=CC(=O)OC5)CC[C@]43O)C2)C[C@H](O)[C@@H]1O[C@H]1C[C@H](O)[C@H](O[C@H]2C[C@H](O)[C@H](O[C@@H]3O[C@H](CO)[C@@H](O)[C@H](O)[C@H]3O)[C@@H](C)O2)[C@@H](C)O1,0,ClinTox
CCC[NH2+]C(C)C(=O)Nc1c(C)csc1C(=O)OC,0,ClinTox
COc1ccc(C(=O)CC(=O)c2ccc(C(C)(C)C)cc2)cc1,0,ClinTox
CN(C)CCC(c1ccc(Cl)cc1)c1ccccn1,0,DILI_TDC
CC(C)[NH2+]CC(O)COc1cccc2[nH]ccc12,0,ClinTox
CCOc1ccc(NC(C)=O)cc1,1,DILI_TDC
C[C@H]1C[C@H]2[C@@H]3CCC4=CC(=O)C=C[C@]4(C)[C@H]3C(=O)C[C@]2(C)[C@@]1(O)C(=O)CO,0,ClinTox
CC([NH3+])Cc1ccccc1,0,ClinTox
CCn1cc(C(=O)O)c(=O)c2cc(F)c(N3CCNCC3)cc21,1,DILI_TDC
Cc1nnc(C(=O)NC(C)(C)c2nc(C(=O)NCc3ccc(F)cc3)c([O-])c(=O)n2C)o1,0,ClinTox
CC[N+](C)(CC)CCOC(=O)C1c2ccccc2Oc2ccccc21,0,ClinTox
CCC(=O)O[C@](Cc1ccccc1)(c1ccccc1)[C@H](C)C[NH+](C)C,0,ClinTox
Nc1ncn(C2OC(CO)C(O)C2O)c(=O)n1,1,DILI_TDC
CC[N+](CC)(CC)CCC(O)(c1ccccc1)C1CCCCC1,0,ClinTox
O=C(OC1CC2CCC(C1)[N+]21CCCC1)C(O)(c1ccccc1)c1ccccc1,0,ClinTox
O=C1C=CC=CC1=C1NC(=C2C=CC=CC2=O)N(c2ccc(C(=O)O)cc2)N1,1,DILI_TDC
CCC[NH+](CCc1cccs1)[C@H]1CCc2c(O)cccc2C1,0,ClinTox
CCNC(=O)CCC/C=C\C[C@@H]1[C@@H](/C=C/[C@@H](O)CCc2ccccc2)[C@H](O)C[C@@H]1O,0,ClinTox
COc1ccc2c3c1OC1C(=O)CCC4C(C2)N(C)CCC314,0,DILI_TDC
C[C@H](O)C(=O)Nc1c(I)c(C(=O)NC(CO)CO)c(I)c(C(=O)NC(CO)CO)c1I,0,ClinTox
O=C(O)c1cc(-c2ccccc2)nc2ccccc12,1,DILI_TDC
ClC1C(Cl)C(Cl)C(Cl)C(Cl)C1Cl,0,DILI_TDC
c1ccc(CC2=[NH+]CCN2)cc1,0,ClinTox
CNCCCC12CCC(c3ccccc31)c1ccccc12,0,DILI_TDC
CCCCNC(=O)[N-]S(=O)(=O)c1ccc(C)cc1,0,ClinTox
C=C1CC[C@H](O)C/C1=C/C=C1\CCC[C@]2(C)[C@@H]([C@H](C)CCCC(C)C)CC[C@@H]12,0,ClinTox
O=[Al]O[Al]=O,0,ClinTox
C/C(=C\c1csc(C)n1)[C@@H]1C[C@@H]2O[C@]2(C)CCC[C@H](C)[C@H](O)[C@@H](C)C(=O)C(C)(C)[C@@H](O)CC(=O)N1,0,ClinTox
C[C@]12CCC(=O)C=C1CC[C@@H]1[C@@H]2[C@@H](O)C[C@@]2(C)[C@H]1CC[C@]2(O)C(=O)COP(=O)([O-])[O-],0,ClinTox
CCCOc1ccc(C(=O)OCC[NH+](CC)CC)cc1N,0,ClinTox
NC(N)=[NH2+],0,ClinTox
COC[C@@H](NC(C)=O)C(=O)NCc1ccccc1,0,ClinTox
C[C@]12CC[C@H]3[C@@H](CCC4=CC(=O)CC[C@@]43C)[C@@H]1CC[C@@H]2O,0,ClinTox
CCC(=O)O[C@]1(C(=O)SCF)[C@H](C)C[C@H]2[C@@H]3C[C@H](F)C4=CC(=O)C=C[C@]4(C)[C@@]3(F)[C@@H](O)C[C@@]21C,0,ClinTox
CC(=O)OCC(=O)[C@@]1(O)CC[C@H]2[C@@H]3CCC4=CC(=O)CC[C@]4(C)[C@H]3[C@@H](O)C[C@@]21C,0,ClinTox
O=S(=O)([O-])O[C@@H]1[C@@H](OS(=O)(=O)[O-])[C@H](O[C@@H]2CO[C@@H](O)[C@H](OS(=O)(=O)[O-])[C@H]2OS(=O)(=O)[O-])OC[C@H]1O,0,ClinTox
Nc1nc2c(ncn2COC(CO)CO)c(=O)[nH]1,0,ClinTox
CCOc1cc(CC(=O)N[C@@H](CC(C)C)c2ccccc2N2CCCCC2)ccc1C(=O)[O-],0,ClinTox
Cc1cccc(Nc2ccccc2C(=O)O)c1C,1,DILI_TDC
CCC(=O)NCC[C@@H]1CCc2ccc3c(c21)CCO3,0,ClinTox
C[C@H]1C[C@H]2[C@@H]3CCC4=CC(=O)C=C[C@]4(C)[C@@]3(F)[C@@H](O)C[C@]2(C)[C@@]1(OC(=O)c1ccccc1)C(=O)CO,0,ClinTox
CC(C)(S)[C@@H]([NH3+])C(=O)[O-],0,ClinTox
CNS(=O)(=O)CCc1ccc2[nH]cc(C3CC[NH+](C)CC3)c2c1,0,ClinTox
CC(=O)OCC1=C(C(=O)[O-])N2C(=O)[C@@H](NC(=O)Cc3cccs3)[C@H]2SC1,0,ClinTox
C[NH+](C)CCOC(c1ccc(Cl)cc1)c1ccccn1,0,ClinTox
Cc1cccc(C)c1OCC(C)[NH3+],0,ClinTox
CC(C)CC1NC(=O)C(Cc2ccccc2)NC(=O)C(CCN)NC(=O)C(NC(=O)C(CCN)NC(=O)C(NC(=O)C(CCN)NC(=O)O)C(C)O)CCNC(=O)C(C(C)O)NC(=O)C(CCN)NC(=O)C(CCN)NC1=O,0,DILI_TDC
C=C1CC[C@H](O)C/C1=C/C=C1\CCC[C@]2(C)[C@@H]([C@H](C)CCCC(C)(C)O)CC[C@@H]12,0,ClinTox
Cc1[nH]c(=O)c(C#N)cc1-c1ccncc1,0,ClinTox
Cc1cc(C2CCCCC2)n([O-])c(=O)c1,0,ClinTox
CCCCCCCCNC(C)C(O)c1ccc(SC(C)C)cc1,1,DILI_TDC
NC(N)=NCCN1CCCCCCC1,0,DILI_TDC
CC(C)[N+]1(C)[C@@H]2CC[C@@H]1CC(OC(=O)C(CO)c1ccccc1)C2,0,ClinTox
C[NH+]1C2CC(OC(=O)C(CO)c3ccccc3)CC1C1OC12,0,ClinTox
CCCCc1[nH+]cc(/C=C(\Cc2cccs2)C(=O)[O-])n1Cc1ccc(C(=O)[O-])cc1,0,ClinTox
C/C=C(C(=C/C)/c1ccc(O)cc1)\c1ccc(O)cc1,0,ClinTox
Cn1c(=O)n(-c2ccc(C(C)(C)C#N)cc2)c2c3cc(-c4cnc5ccccc5c4)ccc3ncc21,1,ClinTox
Nc1c(CC(=O)O)cccc1C(=O)c1ccc(Br)cc1,1,DILI_TDC
CC[NH+](CC)CCOC(=O)c1ccc(N)cc1Cl,0,ClinTox
COC12C(COC(N)=O)C3=C(C(=O)C(C)=C(N)C3=O)N1CC1NC12,0,DILI_TDC
CN1CCN(c2ccc3c(c2)N/C(=C2\C(=O)N=c4cccc(F)c4=C2N)N3)CC1,1,ClinTox
C=CC1=C(C(=O)[O-])N2C(=O)[C@@H](NC(=O)/C(=N\OCC(=O)[O-])c3csc(N)n3)[C@H]2SC1,0,ClinTox
Cc1c(C)c2c(c(C)c1O)CCC(C)(COc1ccc(CC3SC(=O)NC3=O)cc1)O2,1,DILI_TDC
CO[C@@]1(NC(=O)C(C(=O)[O-])c2ccc(O)cc2)C(=O)N2C(C(=O)[O-])=C(CSc3nnnn3C)CO[C@@H]21,0,ClinTox
O=C1CCc2ccc(OCCCC[NH+]3CCN(c4cccc(Cl)c4Cl)CC3)cc2N1,0,ClinTox
CCCc1cc(=O)[nH]c(=S)[nH]1,1,ClinTox+DILI_TDC
CCC1(c2ccccc2)SCC(=O)NC1=O,0,ClinTox
CC(O)(CS(=O)(=O)c1ccc(F)cc1)C(=O)Nc1ccc(C#N)c(C(F)(F)F)c1,1,ClinTox+DILI_TDC
O=C(NS(=O)(=O)c1ccc(Br)s1)c1ccc(Cl)cc1Cl,1,ClinTox
NCC1CCC(C(=O)O)CC1,0,DILI_TDC
C[NH2+][C@H]1CC[C@@H](c2ccc(Cl)c(Cl)c2)c2ccccc21,0,ClinTox
CCCC(=O)O[C@]1(C(=O)CO)CC[C@H]2[C@@H]3CCC4=CC(=O)CC[C@]4(C)[C@H]3[C@@H](O)C[C@@]21C,0,ClinTox
CCCCCOC(=O)Nc1nc(=O)n(C2OC(C)C(O)C2O)cc1F,1,DILI_TDC
O=C1O[Bi](O)Oc2ccccc21,0,ClinTox
CC(=O)Oc1ccc(C(=C2CCCCC2)c2ccc(OC(C)=O)cc2)cc1,1,DILI_TDC
C#C[C@]1(O)CC[C@H]2[C@@H]3CCC4=C(CCC(=O)C4)[C@H]3CC[C@@]21C,0,ClinTox
Cc1cc(Br)c(O)c2ncccc12,1,DILI_TDC
CO/N=C(\C(=O)N[C@@H]1C(=O)N2C(C(=O)[O-])=CCS[C@H]12)c1csc(N)n1,0,ClinTox
CCCCOCCOCCOCc1cc2c(cc1CCC)OCO2,0,ClinTox
Clc1ccc2nsnc2c1NC1=[NH+]CCN1,0,ClinTox
CCC(=O)OCC(=O)[C@@]1(OC(=O)CC)[C@@H](C)C[C@H]2[C@@H]3CCC4=CC(=O)C=C[C@]4(C)[C@@]3(Cl)[C@@H](O)C[C@@]21C,0,ClinTox
NC12CC3CC(CC(C3)C1)C2,0,DILI_TDC
OCC[NH+]1CCN(CCCN2c3ccccc3Sc3ccc(C(F)(F)F)cc32)CC1,0,ClinTox
CNCC[C@H](Oc1cccc2ccccc12)c1cccs1,1,ClinTox
CC(=O)N(CC(C)C(=O)[O-])c1c(I)cc(I)c(N)c1I,0,ClinTox
CC1(C)C2CCC1(CS(=O)(=O)[O-])C(=O)/C2=C\c1ccc(/C=C2\C(=O)C3(CS(=O)(=O)[O-])CCC2C3(C)C)cc1,0,ClinTox
CC12CCC3c4ccc(O)cc4CCC3C1CCC2O,0,DILI_TDC
Cc1ccc(C(=O)Nc2ccc(CN3CCN(C)CC3)c(C(F)(F)F)c2)cc1C#Cc1cnc2cccnn12,1,ClinTox
COC1=CC(=O)CC(C)C12Oc1c(Cl)c(OC)cc(OC)c1C2=O,1,DILI_TDC
NCCCC(O)(P(=O)(O)O)P(=O)(O)O,0,DILI_TDC
Cc1cc(/C=C/C#N)cc(C)c1Nc1ccnc(Nc2ccc(C#N)cc2)n1,0,ClinTox
CCCCOc1cc(C(=O)OCC[NH+](CC)CC)ccc1N,0,ClinTox
CCC(C)C([NH3+])C1=NC(C(=O)NC(CC(C)C)C(=O)NC(CCC(=O)[O-])C(=O)NC(C(=O)NC2CCCCNC(=O)C(CC(N)=O)NC(=O)C(CC(=O)[O-])NC(=O)C(CC3C=NC=[NH+]3)NC(=O)C(Cc3ccccc3)NC(=O)C(C(C)CC)NC(=O)C(CCC[NH3+])NC2=O)C(C)CC)CS1,0,ClinTox
CC(C)CC(NC(=O)C(Cc1ccccc1)NC(=O)c1cnccn1)B(O)O,1,DILI_TDC
Cc1cccc(C)c1N(CC(=O)Nc1ccc(-c2ncon2)cc1)C(=O)C1CCS(=O)(=O)CC1,1,ClinTox
CC(C)(C(=O)[O-])c1ccc(C(O)CCC[NH+]2CCC(C(O)(c3ccccc3)c3ccccc3)CC2)cc1,0,ClinTox
O=C([O-])[C@H](O)[C@@H](O)[C@H](O)[C@H](O)CO,0,ClinTox
C[NH+](C)CCCN1c2ccccc2CCc2ccc(Cl)cc21,0,ClinTox
CN/C(=C\[N+](=O)[O-])[NH2+]CCSCc1ccc(C[NH+](C)C)o1,0,ClinTox
C[C@H](Cc1ccc(O)c(O)c1)[C@@H](C)Cc1ccc(O)c(O)c1,0,ClinTox
CCCCNc1cc(C(=O)O)cc(S(N)(=O)=O)c1Oc1ccccc1,1,DILI_TDC
CC(=O)NC[C@H]1CN(c2ccc(N3CCOCC3)c(F)c2)C(=O)O1,0,ClinTox
CCC1OC(=O)C(C)C(OC2CC(C)(OC)C(O)C(C)O2)C(C)C(OC2OC(C)CC(N(C)C)C2O)C(C)(OC)CC(C)C(=O)C(C)C(O)C1(C)O,1,DILI_TDC
CC[C@H]1NC(=O)[C@@H](NC(=O)c2ncccc2O)[C@@H](C)OC(=O)[C@H](c2ccccc2)NC(=O)C2CC(=O)C(CS[C@@H]3C[NH+]4CCC3CC4)CN2C(=O)[C@H](Cc2ccc(N(C)C)cc2)N(C)C(=O)[C@@H]2CCCN2C1=O,0,ClinTox
Cc1cc(C2CCCCC2)n(O)c(=O)c1,0,DILI_TDC
O=C([O-])CCC[NH+]1CCC(O[C@@H](c2ccc(Cl)cc2)c2ccccn2)CC1,0,ClinTox
CCn1cc(C(=O)[O-])c(=O)c2cc(F)c(N3CC[NH2+]CC3)cc21,0,ClinTox
CC(CN1c2ccccc2Sc2ccccc21)C[NH+](C)C,0,ClinTox
O=c1[nH]c(=O)n([C@H]2C[C@H](O)[C@@H](CO)O2)cc1F,0,ClinTox
Nc1nc(=O)c2c([nH]1)NCC(CNc1ccc(C(=O)N[C@@H](CCC(=O)O)C(=O)O)cc1)N2C=O,1,ClinTox
COCCNC(=O)CN(CCN(CC[NH+](CC(=O)[O-])CC(=O)NCCOC)CC(=O)[O-])CC(=O)[O-],0,ClinTox
CC(C)/[NH+]=C(N)/[NH+]=C(\N)Nc1ccc(Cl)cc1,0,ClinTox
C[C@@H]1CCN(C(=O)[C@H](CCC[NH+]=C(N)N)NS(=O)(=O)c2cccc3c2NC[C@H](C)C3)[C@@H](C(=O)[O-])C1,0,ClinTox
CCCCCCCCc1ccc(CCC([NH3+])(CO)CO)cc1,0,ClinTox
CC(=O)N(O)CCCCCNC(=O)CCC(=O)N(O)CCCCCNC(=O)CCC(=O)N(O)CCCCCN,0,DILI_TDC
Nc1c(CC(=O)[O-])cccc1C(=O)c1ccc(Br)cc1,0,ClinTox
O=C([O-])c1cc(-c2ccc(F)cc2F)ccc1O,0,ClinTox
C[C@@H]1O[C@@]2(CS1)C[NH+]1CCC2CC1,0,ClinTox
CC(=O)Nc1nnc(S(N)(=O)=O)s1,1,ClinTox+DILI_TDC
CON=C(C(=O)NC1C(=O)N2C(C(=O)O)=C(CSc3nc(=O)c(=O)[nH]n3C)CSC12)c1csc(N)n1,1,DILI_TDC
C[C@]([NH3+])(Cc1ccc(O)cc1)C(=O)[O-],0,ClinTox
CC(C)(C#N)c1cc(Cn2cncn2)cc(C(C)(C)C#N)c1,1,ClinTox
CC(C)(C)CC(=O)OCC(=O)[C@@]1(O)CC[C@H]2[C@@H]3CCC4=CC(=O)C=C[C@]4(C)[C@H]3[C@@H](O)C[C@@]21C,0,ClinTox
NC(=[NH2+])NC(=O)c1nc(Cl)c(N)nc1N,0,ClinTox
COc1ccc(C[C@@H](C)[NH2+]C[C@H](O)c2ccc(O)c(NC=O)c2)cc1,0,ClinTox
[NH3+]CC(=O)CCC(=O)[O-],0,ClinTox
COc1cc2ncnc(Nc3ccc(F)c(Cl)c3)c2cc1OCCCN1CCOCC1,1,ClinTox
CC(OC(=O)NCC1(CC(=O)[O-])CCCCC1)OC(=O)C(C)C,0,ClinTox
C[C@@H]([NH2+]CCCc1cccc(C(F)(F)F)c1)c1cccc2ccccc12,0,ClinTox
C[C@@H]1CN(c2c(F)c(N)c3c(=O)c(C(=O)[O-])cn(C4CC4)c3c2F)C[C@H](C)[NH2+]1,0,ClinTox
NC1=[NH+]CC2c3ccccc3Cc3ccccc3N12,0,ClinTox
Cl[Cr](Cl)Cl,0,ClinTox
NS(=O)(=O)c1cc2c(cc1Cl)NC(C1CC3C=CC1C3)NS2(=O)=O,0,ClinTox
CCOC(=O)c1ccc(C#Cc2ccc3c(c2)C(C)(C)CCS3)nc1,0,ClinTox
CCOC(=O)C1=C(C)NC(C)=C(C(=O)OC)C1c1cccc(Cl)c1Cl,0,ClinTox
COc1ccc([C@@H]2Sc3ccccc3N(CC[NH+](C)C)C(=O)[C@@H]2OC(C)=O)cc1,0,ClinTox
O=C(O)COc1ccc(C(=O)c2cccs2)c(Cl)c1Cl,1,DILI_TDC
CC(N)Cc1ccccc1,0,DILI_TDC
CC(C)Cn1cnc2c(N)nc3ccccc3c21,0,ClinTox
Cc1ccnc([N-]S(=O)(=O)c2ccc(N)cc2)n1,0,ClinTox
C[C@]12C=CC(=O)N[C@@H]1CC[C@@H]1[C@@H]2CC[C@]2(C)[C@@H](C(=O)Nc3cc(C(F)(F)F)ccc3C(F)(F)F)CC[C@@H]12,1,ClinTox
COCCCOc1cc(CC(CC(N)C(O)CC(C(=O)NCC(C)(C)C(N)=O)C(C)C)C(C)C)ccc1OC,0,DILI_TDC
CCCCNc1cc(C(=O)[O-])cc(S(N)(=O)=O)c1Oc1ccccc1,0,ClinTox
OCCN(CCO)c1nc(N2CCCCC2)c2nc(N(CCO)CCO)nc(N3CCCCC3)c2n1,1,DILI_TDC
OC(CCN1CCCCC1)(c1ccccc1)C1CC2C=CC1C2,0,DILI_TDC
C[C@@H]1C/C=C/C=C/C=C/C=C/[C@H](OC2O[C@H](C)[C@@H](O)[C@H]([NH3+])[C@@H]2O)C[C@@H]2O[C@](O)(C[C@@H](O)C[C@H]3O[C@@H]3/C=C/C(=O)O1)C[C@H](O)[C@H]2C(=O)[O-],0,ClinTox
CCCCNc1ccc(C(=O)OCC[NH+](C)C)cc1,0,ClinTox
CCCCC(=O)O[C@]1(C(=O)CO)CC[C@H]2[C@@H]3CCC4=CC(=O)CC[C@]4(C)[C@H]3[C@@H](O)C[C@@]21C,0,ClinTox
CCC1(c2ccccc2)C(=O)NC(=O)NC1=O.CCCCOCC(CN1C(=O)N(CC(COCCCC)OC(N)=O)C(=O)C(CC)(c2ccccc2)C1=O)OC(N)=O.CCCCOCC(CN1C(=O)NC(=O)C(CC)(c2ccccc2)C1=O)OC(N)=O,1,DILI_TDC
C[N+](C)(C)CCOP(=O)([O-])OP(=O)(O)OCC1OC(n2ccc(N)nc2=O)C(O)C1O,0,DILI_TDC
S=C=Nc1cccc2ccccc12,1,DILI_TDC
CC1=C(C(=O)[O-])N2C(=O)[C@@H](NC(=O)[C@H]([NH3+])C3=CCC=CC3)[C@H]2SC1,0,ClinTox
O=C1OC2(c3cc([131I])c([O-])c([131I])c3Oc3c2cc([131I])c([O-])c3[131I])c2c(Cl)c(Cl)c(Cl)c(Cl)c21,0,ClinTox
CCC1OC(=O)C(C)C(OC2CC(C)(OC)C(O)C(C)O2)C(C)C(OC2OC(C)CC(N(C)C)C2O)C(C)(O)CC(C)C(=O)C(C)C(O)C1(C)O,1,DILI_TDC
CC(O)C(CO)NC(=O)C1CSSCC(NC(=O)C([NH3+])Cc2ccccc2)C(=O)NC(Cc2ccccc2)C(=O)NC(Cc2c[nH]c3ccccc23)C(=O)NC(CCCC[NH3+])C(=O)NC(C(C)O)C(=O)N1,0,ClinTox
CC(=O)O[C@]1(C(C)=O)CC[C@H]2[C@@H]3C[C@H](C)C4=CC(=O)CC[C@]4(C)[C@H]3CC[C@@]21C,0,ClinTox
CC(C)(C)NCC(O)COc1cccc2c1CC(O)C(O)C2,0,DILI_TDC
Clc1ccc(C(Cn2ccnc2)OCc2csc3c(Cl)cccc23)c(Cl)c1,0,ClinTox
CO[C@]12CC[C@@]3(C[C@@H]1[C@](C)(O)C(C)(C)C)[C@H]1Cc4ccc(O)c5c4[C@@]3(CC[NH+]1CC1CC1)[C@H]2O5,0,ClinTox
O=c1[nH]c(=O)n([C@H]2C[C@H](O)[C@@H](CO)O2)cc1I,0,ClinTox
CC(CO)NC(=O)C1C=C2c3cccc4[nH]cc(c34)CC2N(C)C1,0,DILI_TDC
Cc1c(-c2ccccc2)oc2c(C(=O)OCCN3CCCCC3)cccc2c1=O,0,DILI_TDC
CC(C)(N)Cc1ccccc1,0,DILI_TDC
O=S(=O)([O-])[O-],0,ClinTox
NC(=O)N/C=C1/NC(=O)[C@H](CNC(=O)C[C@@H]([NH3+])CCC[NH3+])NC(=O)[C@H](CO)NC(=O)[C@@H]([NH3+])CNC(=O)[C@H]([C@H]2CC[NH+]=C(N)N2)NC1=O,0,ClinTox
OCC1OC(OC2C(CO)OC(O)(CO)C2O)C(O)C(O)C1O,0,DILI_TDC
CCCCCCCN(CC)CCCC(O)c1ccc(NS(C)(=O)=O)cc1,0,DILI_TDC
C1CCC(C(CC2CCCCN2)C2CCCCC2)CC1,1,DILI_TDC
O=C1O[C@H]([C@@H](O)CO)C([O-])=C1O,0,ClinTox
COc1cc(CC2c3c(cc(OC)c(OC)c3OC)CC[N+]2(C)CCCOC(=O)CCC(=O)OCCC[N+]2(C)CCc3cc(OC)c(OC)c(OC)c3C2Cc2cc(OC)c(OC)c(OC)c2)cc(OC)c1OC.[Cl-].[Cl-],0,DILI_TDC
CCC(C)(C)C(=O)OC1CC(C)C=C2C=CC(C)C(CCC3CC(O)CC(=O)O3)C21,0,DILI_TDC
CSCCC(N)C(=O)O,0,DILI_TDC
CCn1cc(C(=O)[O-])c(=O)c2cc(F)c(N3CC[NH2+]CC3)nc21,0,ClinTox
CCCCCCCC(=O)OCC(O)CO,0,ClinTox
OCC1OC(OC2C(CO)OC(O)C(O)C2O)C(O)C(O)C1O,0,DILI_TDC
CC1(C)[C@H](C(=O)[O-])N2C(=O)C[C@H]2S1(=O)=O,0,ClinTox
CC(=O)NO,0,ClinTox
C[N+]1(C)C2CCC1CC(OC(=O)C(O)c1ccccc1)C2,0,ClinTox
CN(C)C(=O)Oc1ccc[n+](C)c1,0,ClinTox+DILI_TDC
O=C(COc1ccc(Cl)cc1)N1CCN(Cc2ccc3c(c2)OCO3)CC1,1,DILI_TDC
O=[N+]([O-])[O-],0,ClinTox
C[C@@H]1C[C@H]2[C@@H]3C[C@H](F)C4=CC(=O)C=C[C@]4(C)[C@@]3(Cl)[C@@H](O)C[C@]2(C)[C@H]1C(=O)COC(=O)C(C)(C)C,0,ClinTox
COc1cc2c(cc1OC)C(=O)C(CC1CCN(Cc3ccccc3)CC1)C2,0,DILI_TDC
Clc1ccccc1CN1CCc2sccc2C1,1,DILI_TDC
NCC(O)c1ccc(O)c(O)c1,0,DILI_TDC
CCSc1ccc2c(c1)N(CCCN1CC[NH+](C)CC1)c1ccccc1S2,0,ClinTox
Clc1ccc(CCC(Cn2ccnc2)Sc2c(Cl)cccc2Cl)cc1,0,ClinTox
O=C1c2ccccc2C(=O)C1c1ccccc1,0,ClinTox
CCOC(=O)C1=C(COCC[NH3+])NC(C)=C(C(=O)OC)C1c1ccccc1Cl,0,ClinTox
CCCCCCC(=O)O[C@H]1CC[C@H]2[C@@H]3CCC4=CC(=O)CC[C@]4(C)[C@H]3CC[C@]12C,0,ClinTox
OC[C@@H](O)[C@@H](O)[C@H](O)[C@H](O)CO,0,ClinTox
[Li+],0,DILI_TDC
COC1(NC(=O)Cc2cccs2)C(=O)N2C(C(=O)O)=C(COC(N)=O)CSC21,1,DILI_TDC
[NH3+]CCCC[C@H]([NH2+][C@@H](CCc1ccccc1)C(=O)[O-])C(=O)N1CCC[C@H]1C(=O)[O-],0,ClinTox
CS(=O)(=O)OCCCCOS(C)(=O)=O,1,DILI_TDC
CC(C)C[C@H](NC(=O)[C@H](Cc1ccccc1)NC(=O)c1cnccn1)B(O)O,1,ClinTox
Nc1nc(=O)c2c(CCc3ccc(C(=O)N[C@@H](CCC(=O)O)C(=O)O)cc3)c[nH]c2[nH]1,1,ClinTox
CNC(=O)c1c(C)c(C(=O)[O-])c(I)c(NC(C)=O)c1I,0,ClinTox
CO/N=C(\C(=O)N[C@@H]1C(=O)N2C(C(=O)[O-])=C(COC(C)=O)CS[C@H]12)c1csc(N)n1,0,ClinTox
COC(=O)[C@H]1[C@H]2C[C@@H]3c4[nH]c5cc(OC)ccc5c4CC[NH+]3C[C@H]2C[C@@H](OC(=O)c2cc(OC)c(OC)c(OC)c2)[C@@H]1OC,0,ClinTox
C[C@H]1COc2c(N3CC[NH+](C)CC3)c(F)cc3c(=O)c(C(=O)[O-])cn1c23,0,ClinTox
CC(=O)OC1C(=O)C2(C)C(O)CC3OCC3(OC(C)=O)C2C(OC(=O)c2ccccc2)C2(O)CC(OC(=O)C(O)C(NC(=O)c3ccccc3)c3ccccc3)C(C)=C1C2(C)C,1,DILI_TDC
CC12CC(=CO)C(=O)CC1CCC1C2CCC2(C)C1CCC2(C)O,1,DILI_TDC
C[Si](C)(C)O[Si](C)(C)O[Si](C)(C)C,0,DILI_TDC
C[NH+]1C[C@H](C(=O)N[C@]2(C)O[C@@]3(O)[C@@H]4CCCN4C(=O)[C@H](Cc4ccccc4)N3C2=O)C[C@@H]2c3cccc4[nH]cc(c34)C[C@H]21,0,ClinTox
CN(N=O)C(=O)NC1C(O)OC(CO)C(O)C1O,1,DILI_TDC
C[NH+](C)CCOC(c1ccccc1)c1ccccc1.Cn1c2nc(Cl)nc-2c([O-])n(C)c1=O,0,DILI_TDC
CC[C@@H](c1cccc(O)c1)[C@@H](C)C[NH+](C)C,0,ClinTox
COC(=O)[C@H](c1ccccc1Cl)[NH+]1CCc2sccc2C1,0,ClinTox
CO[C@H]1/C=C/O[C@@]2(C)Oc3c(C)c(O)c4c(O)c(c5c(nc6cc(C)ccn65)c4c3C2=O)NC(=O)/C(C)=C\C=C\[C@H](C)[C@H](O)[C@@H](C)[C@@H](O)[C@@H](C)[C@H](OC(C)=O)[C@@H]1C,0,ClinTox
NC(N)=[NH+]C(=O)Cc1c(Cl)cccc1Cl,0,ClinTox
O=C(CCCCCCC(=O)Nc1ccccc1)NO,1,ClinTox
[NH3+][C@@H](Cc1ccc(N(CCCl)CCCl)cc1)C(=O)[O-],0,ClinTox
COCCOC(=O)C1=C(C)NC(C)=C(C(=O)OC(C)C)C1c1cccc([N+](=O)[O-])c1,1,ClinTox+DILI_TDC
C=CC1=C(C(=O)[O-])N2C(=O)[C@@H](NC(=O)/C(=N\O)c3csc(N)n3)[C@H]2SC1,0,ClinTox
CCCC(CCC)C(=O)[O-],0,ClinTox
CC(C)(C)C(=O)OCC(=O)C1CCC2C3CCC4=CC(=O)CCC4(C)C3CCC12C,0,ClinTox
CCC(=O)O[C@@](Cc1ccccc1)(c1ccccc1)[C@@H](C)C[NH+](C)C,0,ClinTox
CCN1CCN(C(=O)N[C@@H](C(=O)N[C@@H]2C(=O)N3C(C(=O)[O-])=C(CSc4nnnn4C)CS[C@H]23)c2ccc(O)cc2)C(=O)C1=O,0,ClinTox
C/C=C/C[C@@H](C)[C@@H](O)[C@H]1C(=O)N[C@@H](CC)C(=O)N(C)CC(=O)N(C)[C@@H](CC(C)C)C(=O)N[C@@H](C(C)C)C(=O)N(C)[C@@H](CC(C)C)C(=O)N[C@@H](C)C(=O)N[C@H](C)C(=O)N(C)[C@@H](CC(C)C)C(=O)N(C)[C@@H](CC(C)C)C(=O)N(C)[C@@H](C(C)C)C(=O)N1C,1,ClinTox
OC(Cn1cncn1)(Cn1cncn1)c1ccc(F)cc1F,1,ClinTox+DILI_TDC
C[NH+](C)CCCC1(c2ccc(F)cc2)OCc2cc(C#N)ccc21,0,ClinTox
C=C1c2cccc([O-])c2C(=O)C2=C([O-])[C@]3(O)C(=O)C(C(N)=O)=C([O-])[C@@H]([NH+](C)C)[C@@H]3[C@@H](O)[C@H]12,0,ClinTox
CN1CCC(CNc2ccc3ncc(-c4cccc(OC(F)(F)F)c4)n3n2)CC1,1,ClinTox
CC(C)c1cccc(C(C)C)c1O,0,ClinTox+DILI_TDC
O=C([O-])C(S)C(S)C(=O)[O-],0,ClinTox
COc1cccc([C@@]2(O)CCCC[C@@H]2C[NH+](C)C)c1,0,ClinTox
OCC[NH+]1CCN(CCCN2c3ccccc3Sc3ccc(Cl)cc32)CC1,0,ClinTox
CCC(C)C(=O)OC1CC(C)C=C2C=CC(C)C(CCC3CC(O)CC(=O)O3)C21,0,DILI_TDC
Cc1ncc(COP(=O)([O-])[O-])c(CN(CC[NH+](CC(=O)[O-])Cc2c(COP(=O)([O-])[O-])cnc(C)c2O)CC(=O)[O-])c1O,0,ClinTox
C#C[C@]1(OC(C)=O)CC[C@H]2[C@@H]3CCC4=C[C@@H](OC(C)=O)CC[C@@H]4[C@H]3CC[C@@]21C,0,ClinTox
COC1C=COC2(C)Oc3c(C)c(O)c4c(c3C2=O)C2=NC3(CCN(CC(C)C)CC3)NC2=C(NC(=O)C(C)=CC=CC(C)C(O)C(C)C(O)C(C)C(OC(C)=O)C1C)C4=O,1,DILI_TDC
C[NH+]1CCC(=C2c3ccccc3C=Cc3ccccc32)CC1,0,ClinTox
Cn1cnc([N+](=O)[O-])c1Sc1ncnc2nc[nH]c12,1,ClinTox+DILI_TDC
CC(C)(C)[NH2+]CC(O)c1cc(O)cc(O)c1,0,ClinTox
[NH3+]CC1(CC(=O)[O-])CCCCC1,0,ClinTox
CN(Cc1cnc2nc(N)nc(N)c2n1)c1ccc(C(=O)N[C@@H](CCC(=O)O)C(=O)O)cc1,1,ClinTox
CC1=C(C(=O)O)N2C(=O)C(NC(=O)C(N)c3ccc(O)cc3)C2SC1,1,DILI_TDC
CCOC(=O)[C@@](C)([NH3+])Cc1ccc(O)c(O)c1,0,ClinTox
CC/C(=C(/CC)c1ccc(OP(=O)([O-])[O-])cc1)c1ccc(OP(=O)([O-])[O-])cc1,0,ClinTox
CCCc1nn(C)c2c(=O)[nH]c(-c3cc(S(=O)(=O)N4CC[NH+](C)CC4)ccc3OCC)nc12,0,ClinTox
O=P([O-])([O-])C(O)(Cn1ccnc1)P(=O)([O-])[O-],0,ClinTox
CCc1c(C)[nH]c2c1C(=O)C(CN1CCOCC1)CC2,0,DILI_TDC
OC[C@H]1O[C@@H](n2cnc3c2NC=[NH+]C[C@H]3O)C[C@@H]1O,0,ClinTox
CN(C)C(=[NH2+])NC(N)=[NH2+],0,ClinTox
NC(=O)c1ncn([C@@H]2O[C@H](CO)[C@@H](O)[C@H]2O)n1,0,ClinTox
COCC(=O)OC1(CCN(C)CCCc2nc3ccccc3[nH]2)CCc2cc(F)ccc2C1C(C)C,0,DILI_TDC
FC(F)(F)C(Cl)Br,0,ClinTox
Oc1c(I)cc(Cl)c2cccnc12,0,ClinTox
COC1=CC(=O)C[C@@H](C)[C@]12Oc1c(Cl)c(OC)cc(OC)c1C2=O,0,ClinTox
Nc1cccc2c1CN(C1CCC(=O)NC1=O)C2=O,1,ClinTox
COc1ccc(CCN2CCC(Nc3nc4ccccc4n3Cc3ccc(F)cc3)CC2)cc1,0,DILI_TDC
CC(C)[NH+]1CCN(c2ccc(OC[C@H]3CO[C@](Cn4cncn4)(c4ccc(Cl)cc4Cl)O3)cc2)CC1,0,ClinTox
COc1c(C)c2c(c([O-])c1C/C=C(\C)CCC(=O)[O-])C(=O)OC2,0,ClinTox
CCN(CC)CCOC(=O)C1(C2CCCCC2)CCCCC1,0,DILI_TDC
CCOc1ccc(CC(CN(CC[NH+](CC(=O)[O-])CC(=O)[O-])CC(=O)[O-])[NH+](CC(=O)[O-])CC(=O)[O-])cc1,0,ClinTox
CN1CCC[NH+]=C1COC(=O)C(O)(c1ccccc1)C1CCCCC1,0,ClinTox
CSCC[C@H](NC(=O)[C@H](Cc1c[nH]c2ccccc12)NC(=O)CCNC(=O)OCC(C)C)C(=O)N[C@@H](CC(=O)[O-])C(=O)N[C@@H](Cc1ccccc1)C(N)=O,0,ClinTox
CN(C)c1cc(NC(=O)C[NH2+]C(C)(C)C)c([O-])c2c1C[C@H]1C[C@H]3[C@H]([NH+](C)C)C([O-])=C(C(N)=O)C(=O)[C@@]3(O)C([O-])=C1C2=O,0,ClinTox
NS(=O)(=O)c1cc(C(=O)[O-])c(NCc2ccco2)cc1Cl,0,ClinTox
OCCN1CCN(CCC=C2c3ccccc3Sc3ccc(C(F)(F)F)cc32)CC1,0,DILI_TDC
C[N+]1(CC2CC2)CC[C@]23c4c5ccc(O)c4O[C@H]2C(=O)CC[C@@]3(O)[C@H]1C5,0,ClinTox
Cc1nc(Nc2ncc(C(=O)Nc3c(C)cccc3Cl)s2)cc(N2CC[NH+](CCO)CC2)n1,0,ClinTox
CCCCc1oc2ccccc2c1C(=O)c1cc(I)c(OCC[NH+](CC)CC)c(I)c1,0,ClinTox
CC(=O)O[C@@]12CO[C@@H]1C[C@H](O)[C@@]1(C)C(=O)[C@H](O)C3=C(C)[C@@H](OC(=O)[C@H](O)[C@@H](NC(=O)OC(C)(C)C)c4ccccc4)C[C@@](O)([C@@H](OC(=O)c4ccccc4)[C@H]21)C3(C)C,1,ClinTox
CCn1cc(C(=O)[O-])c(=O)c2cc(F)c(N3CC[NH2+]C(C)C3)c(F)c21,0,ClinTox
CCCCNC(=O)NS(=O)(=O)c1ccc(C)cc1,1,DILI_TDC
O=C([O-])c1cc2ccccc2c(Cc2c(O)c(C(=O)[O-])cc3ccccc23)c1O,0,ClinTox
CC(C)C(=O)Oc1ccc(CO)cc1[C@H](CC[NH+](C(C)C)C(C)C)c1ccccc1,0,ClinTox
C[C@H]1c2cccc([O-])c2C(=O)C2=C([O-])[C@]3(O)C(=O)C(C(N)=O)=C([O-])[C@@H]([NH+](C)C)[C@@H]3[C@@H](O)[C@@H]21,0,ClinTox
CCN(CC)CCOCCOC(=O)C1(c2ccccc2)CCCC1,0,DILI_TDC
CCOC(=O)c1cncn1C(C)c1ccccc1,0,ClinTox
CC1=C2N3[Co]456(C#N)<-N7=C1[C@@H](CCC(N)=O)C(C)(C)C7=CC1=N->4C(=C(C)C4=N->5[C@@](C)([C@H]3[C@H](CC(N)=O)[C@@]2(C)CCC(=O)NC[C@@H](C)OP(=O)(O)O[C@H]2[C@@H](O)[C@@H](n3cn->6c5cc(C)c(C)cc53)O[C@@H]2CO)[C@@](C)(CC(N)=O)[C@@H]4CCC(N)=O)[C@@](C)(CC(N)=O)[C@@H]1CCC(N)=O,0,ClinTox
CC(=O)O[C@]1(C(C)=O)CC[C@H]2[C@@H]3CCC4=CC(=O)CCC4=C3[C@@H](c3ccc(N(C)C)cc3)C[C@@]21C,0,ClinTox
O=C([O-])CCNC(=O)c1ccc(N/N=C2/C=CC(=O)C(C(=O)[O-])=C2)cc1,0,ClinTox
NC(=O)CCC1NC(=O)C(Cc2ccccc2)NC(=O)C(Cc2ccc(O)cc2)NC(=O)C([NH3+])CSSCC(C(=O)N2CCCC2C(=O)NC(CCC[NH+]=C(N)N)C(=O)NCC(N)=O)NC(=O)C(CC(N)=O)NC1=O,0,ClinTox
CCOC(=O)C1=C[C@@H](OC(CC)CC)[C@H](NC(C)=O)[C@@H]([NH3+])C1,0,ClinTox
COc1cccc2c1C(=O)c1c([O-])c3c(c([O-])c1C2=O)C[C@@](O)(C(=O)CO)C[C@@H]3O[C@H]1C[C@H]([NH3+])[C@H](O)[C@H](C)O1,0,ClinTox
CC1C=CC=CCCC=CC=CC=CC=CC(OC2OC(C)C(O)C(N)C2O)CC(O)C(C(=O)O)C(O)CC(=O)CC(O)C(O)CCC(O)CC(O)CC(O)CC(=O)OC(C)C(C)C1O,0,DILI_TDC
S=c1nc[nH]c2nc[nH]c12,1,ClinTox+DILI_TDC
C[NH+]1CCN(CCCN2c3ccccc3Sc3ccc(Cl)cc32)CC1,0,ClinTox
CCn1cc(C(=O)[O-])c(=O)c2ccc(C)nc21,0,ClinTox
CC(C[NH2+]C1CCCCC1)OC(=O)c1ccccc1,0,ClinTox
CC(C)(C(=O)O)c1ccc(C(O)CCCN2CCC(C(O)(c3ccccc3)c3ccccc3)CC2)cc1,0,DILI_TDC
COC(=O)C1=C(C)NC(C)=C(C(=O)OCC[NH+](C)Cc2ccccc2)C1c1cccc([N+](=O)[O-])c1,0,ClinTox
C#Cc1cccc(Nc2ncnc3cc(OCCOC)c(OCCOC)cc23)c1.Cl,1,ClinTox
CC(=O)CC(c1ccc([N+](=O)[O-])cc1)c1c(O)oc2ccccc2c1=O,1,DILI_TDC
NC(=O)Cc1cccc(C(=O)c2ccccc2)c1N,0,ClinTox
O=C1CCC(N2C(=O)c3ccccc3C2=O)C(=O)N1,1,ClinTox
CO[C@@]1(NC(=O)C2SC(=C(C(N)=O)C(=O)[O-])S2)C(=O)N2C(C(=O)[O-])=C(CSc3nnnn3C)CS[C@@H]21,0,ClinTox
COc1ccnc(CS(=O)c2nc3ccc(OC(F)F)cc3[nH]2)c1OC,0,ClinTox
CC(CN1c2ccccc2Sc2ccccc21)[NH+](C)C,0,ClinTox
O=C(O)CCCCC1SCC2NC(=O)NC21,0,DILI_TDC
CN(C)N/N=C1/N=CN=C1C(N)=O,1,ClinTox
C[NH2+]CC[C@H](Oc1cccc2ccccc12)c1cccs1,0,ClinTox
C[NH+]1CCC(OC(c2ccccc2)c2ccccc2)CC1,0,ClinTox
CCC(C)C1NC(=O)C(Cc2ccc(O)cc2)NC(=O)C([NH3+])CSSCC(C(=O)N2CCCC2C(=O)NC(CC(C)C)C(=O)NCC(N)=O)NC(=O)C(CC(N)=O)NC(=O)C(C(C)O)NC1=O,0,ClinTox
O=C(O)COc1nn(Cc2ccccc2)c2ccccc12,1,DILI_TDC
CN1CCC23c4c5ccc(O)c4OC2C(=O)CCC3(O)C1C5,0,DILI_TDC
CC1(O)CC(c2nc(-c3ccc4ccc(-c5ccccc5)nc4c3)c3c(N)nccn23)C1,1,ClinTox
CC(O)C(=O)Nc1c(I)c(C(=O)NC(CO)CO)c(I)c(C(=O)NC(CO)CO)c1I,0,DILI_TDC
COC1CC(OC2C(C)C(=O)OC(C)C(C)C(OC(C)=O)C(C)C(=O)C3(CO3)CC(C)C(OC3OC(C)CC(N(C)C)C3OC(C)=O)C2C)OC(C)C1OC(C)=O,1,DILI_TDC
Clc1ccc(CO/N=C(/Cn2ccnc2)c2ccc(Cl)cc2Cl)c(Cl)c1,0,ClinTox
OCC(O)C(O)C(O)C(O)CO,0,DILI_TDC
Cc1c(O)cccc1C(=O)N[C@@H](CSc1ccccc1)[C@H](O)C[NH+]1C[C@H]2CCCC[C@H]2C[C@H]1C(=O)NC(C)(C)C,0,ClinTox
CCOC(=O)C(C)(C)Oc1ccc(Cl)cc1,0,ClinTox
CC(C)COCC(CN(Cc1ccccc1)c1ccccc1)[NH+]1CCCC1,0,ClinTox
CC12COC(=O)CC1CCC1C2CCC2(C)C1CCC2(C)O,1,DILI_TDC
CCCCC[C@@H](O)CC[C@H]1[C@@H]2Cc3cccc(OCC(=O)[O-])c3C[C@@H]2C[C@@H]1O,0,ClinTox
COc1c(N2C[C@@H]3CCC[NH2+][C@@H]3C2)c(F)cc2c(=O)c(C(=O)[O-])cn(C3CC3)c12,0,ClinTox
NCC[NH2+]CCNCC[NH3+],0,ClinTox
NC(=O)C(c1ccccc1)(c1ccccc1)[C@@H]1CC[NH+](CCc2ccc3c(c2)CCO3)C1,0,ClinTox
Oc1c(Cl)cc(Cl)c2cccnc12,0,ClinTox
O=[N+]([O-])O[C@@H]1CO[C@H]2[C@@H]1OC[C@@H]2O,0,ClinTox
CC1=C(/C=C/C(C)=C/C=C/C(C)=C/C=C/C=C(C)/C=C/C=C(C)/C=C/C2=C(C)CCCC2(C)C)C(C)(C)CCC1,0,ClinTox
CCCCC[C@H](O)/C=C/[C@H]1[C@H](O)CC(=O)[C@@H]1CCCCCCC(=O)[O-],0,ClinTox
C[C@]12COC(=O)C[C@@H]1CC[C@@H]1[C@@H]2CC[C@@]2(C)[C@H]1CC[C@]2(C)O,0,ClinTox
CN(C)c1ccc(C(=C2C=CC(=[N+](C)C)C=C2)c2ccc(N(C)C)cc2)cc1,0,ClinTox
CC(C)(C)[NH2+]CC(O)c1ccc(O)c(CO)n1,0,ClinTox
C#CC[NH+](C)[C@H](C)Cc1ccccc1,0,ClinTox
CCCCC(=O)OCC(=O)[C@]1(O)Cc2c([O-])c3c(c([O-])c2[C@@H](OC2CC(NC(=O)C(F)(F)F)C(O)C(C)O2)C1)C(=O)c1c(OC)cccc1C3=O,0,ClinTox
CC[NH+](CCO)CCCC(C)Nc1cc[nH+]c2cc(Cl)ccc12,0,ClinTox
CC[C@]1(O)C[C@H]2CN(CCc3c([nH]c4ccccc34)[C@@](C(=O)OC)(c3cc4c(cc3OC)N(C=O)[C@H]3[C@@](O)(C(=O)OC)[C@H](OC(C)=O)[C@]5(CC)C=CCN6CC[C@]43[C@@H]65)C2)C1,1,ClinTox
C=CC[N+]1(C2CC3C4CCC5CC(O)C(N6CCOCC6)CC5(C)C4CCC3(C)C2OC(C)=O)CCCC1,0,DILI_TDC
CNC1C(OC2C(OC3C(O)C(O)C(N=C(N)N)C(O)C3N=C(N)N)OC(C)C2(O)C=O)OC(CO)C(O)C1O,0,DILI_TDC
CCC(=O)OCC(=O)[C@@]1(OC(=O)CC)[C@H](C)C[C@H]2[C@H]3[C@H]([C@@H](O)C[C@@]21C)[C@@]1(C)C=CC(=O)C=C1C[C@H]3Cl,0,ClinTox
C[C@H]1C[C@H]2[C@@H]3CCC4=CC(=O)C=C[C@]4(C)[C@@]3(F)[C@@H](O)C[C@]2(C)[C@@]1(O)C(=O)CO,0,ClinTox
[NH3+]C[C@H]1O[C@H](O[C@H]2[C@H](O)[C@@H](O[C@H]3O[C@H](CO)[C@@H](O)[C@H]([NH3+])[C@H]3O)[C@H]([NH3+])C[C@@H]2[NH3+])[C@H](O)[C@@H](O)[C@@H]1O,0,ClinTox
Cc1ccc(/C(=C\C[NH+]2CCCC2)c2cccc(/C=C/C(=O)[O-])n2)cc1,0,ClinTox
CC(C)(C)NC(=O)[C@H]1CC[C@H]2[C@@H]3CC[C@H]4NC(=O)C=C[C@]4(C)[C@H]3CC[C@]12C,0,ClinTox
CC(Cn1cnc2c(N)ncnc21)OCP(=O)(O)O,1,DILI_TDC
CC(=O)OCC1=C(C(=O)[O-])N2C(=O)[C@@H](NC(=O)CSc3ccncc3)[C@H]2SC1,0,ClinTox
NC(Cc1ccc(O)c(O)c1)C(=O)O,0,DILI_TDC
CC(=O)N[C@@H](CS)C(=O)[O-],0,ClinTox
CCOCCn1c(N2CCC[NH+](C)CC2)nc2ccccc21,0,ClinTox
Cc1ccc(O)c(C(CCN(C(C)C)C(C)C)c2ccccc2)c1,0,DILI_TDC
C=C1/C(=C\C=C2/CCC[C@]3(C)[C@@H]([C@H](C)/C=C/[C@H](C)C(C)C)CC[C@@H]23)C[C@@H](O)C[C@@H]1O,0,ClinTox
CN1C(=O)CC(C)(c2ccccc2)C1=O,0,ClinTox
CCC(=O)O[C@]1(C(=O)CCl)[C@@H](C)C[C@H]2[C@@H]3CCC4=CC(=O)C=C[C@]4(C)[C@@]3(F)[C@@H](O)C[C@@]21C,0,ClinTox
C#CCN(C)Cc1ccccc1,0,DILI_TDC
C[NH+]1[C@@H]2C[C@@H](OC(=O)[C@H](CO)c3ccccc3)C[C@H]1[C@@H]1O[C@@H]12,0,ClinTox
COc1ccc(C(CN(C)C)C2(O)CCCCC2)cc1,1,ClinTox
NC(N)=[NH+]CCCC(NC(=O)[C@H]([NH3+])CCC[NH+]=C(N)N)C(=O)N1CCCC1C(=O)N1C[C@H](O)CC1C(=O)NCC(=O)N[C@@H](Cc1cccs1)C(=O)N[C@@H](CO)C(=O)N1Cc2ccccc2CC1C(=O)N1C(C(=O)N[C@@H](CCC[NH+]=C(N)N)C(=O)[O-])C[C@@H]2CCCC[C@@H]21,0,ClinTox
CC([NH3+])C12CC3CC(CC(C3)C1)C2,0,ClinTox
CN(C)CCn1nnnc1SCC1=C(C(=O)O)N2C(=O)C(NC(=O)Cc3csc(N)n3)C2SC1,1,DILI_TDC
C[C@@H](Cc1ccccc1)NC(=O)[C@@H]([NH3+])CCCC[NH3+],0,ClinTox
C#CC(O)(/C=C/Cl)CC,0,ClinTox
CC(=O)CC(c1ccccc1)c1c([O-])c2ccccc2oc1=O,0,ClinTox
COc1ccc2c(c1)c(CC(=O)O)c(C)n2C(=O)c1ccc(Cl)cc1,1,DILI_TDC
N#C[C@@H]1C[C@@H]2C[C@@H]2N1C(=O)[C@@H]([NH3+])C12CC3CC(CC(O)(C3)C1)C2,0,ClinTox
CO/N=C(\C(=O)N[C@@H]1C(=O)N2C(C(=O)[O-])=C(CSc3nnnn3C)CS[C@H]12)c1csc(N)n1,0,ClinTox
COCC(=O)Nc1c(I)c(C(=O)NCC(O)CO)c(I)c(C(=O)N(C)CC(O)CO)c1I,0,ClinTox
CC(=O)NC1C(O)OC(CO)C(OS(=O)(=O)[O-])C1OC1OC(C(=O)[O-])C(O)C(O)C1O,1,DILI_TDC
CN1CCN(CCCN2c3ccccc3Sc3ccc(Cl)cc32)CC1,1,DILI_TDC
CCOC(=O)c1ncn2c1CN(C)C(=O)c1cc(F)ccc1-2,0,ClinTox
C[NH+](C)CCOC(C)(c1ccccc1)c1ccccn1,0,ClinTox
CO[C@H]1C[C@@H]2CC[C@@H](C)[C@@](O)(O2)C(=O)C(=O)N2CCCC[C@H]2C(=O)O[C@H]([C@H](C)C[C@@H]2CC[C@@H](OCCO)[C@H](OC)C2)CC(=O)[C@H](C)/C=C(\C)[C@@H](O)[C@@H](OC)C(=O)[C@H](C)C[C@H](C)/C=C\C=C\C=C\1C,0,ClinTox
O=S(=O)([O-])CCS,0,ClinTox
